-- DDL del catalogo maestro (#218): tablas globales de supplies, alias e i18n.
-- Vive aqui (no en 0036) porque 0036 ya estaba aplicada en prod y migrate.sh
-- rastrea por nombre de fichero: editar 0036 no se reaplica en prod. Todo
-- idempotente (IF NOT EXISTS / ON CONFLICT) para BD ya migradas.

CREATE TABLE IF NOT EXISTS "supplies" (
  "id" uuid PRIMARY KEY NOT NULL,
  "code" text NOT NULL,
  "name" text NOT NULL,
  "status" text NOT NULL DEFAULT 'active',
  "registration_notes" text,
  "category_slug" text NOT NULL REFERENCES "categories"("slug"),
  "default_unit" text,
  "attributes" jsonb NOT NULL DEFAULT '{}'::jsonb,
  "variant_of_id" uuid REFERENCES "supplies"("id") ON DELETE SET NULL,
  "created_at" timestamp with time zone NOT NULL DEFAULT now(),
  "updated_at" timestamp with time zone NOT NULL DEFAULT now()
);
--> statement-breakpoint
CREATE UNIQUE INDEX IF NOT EXISTS "supplies_code_uniq" ON "supplies" ("code");
--> statement-breakpoint
CREATE INDEX IF NOT EXISTS "supplies_category_slug_idx" ON "supplies" ("category_slug");
--> statement-breakpoint
CREATE INDEX IF NOT EXISTS "supplies_variant_of_id_idx" ON "supplies" ("variant_of_id");
--> statement-breakpoint

CREATE TABLE IF NOT EXISTS "supply_aliases" (
  "alias_norm" text PRIMARY KEY NOT NULL,
  "supply_id" uuid NOT NULL REFERENCES "supplies"("id") ON DELETE CASCADE
);
--> statement-breakpoint
CREATE INDEX IF NOT EXISTS "supply_aliases_supply_id_idx" ON "supply_aliases" ("supply_id");
--> statement-breakpoint

CREATE TABLE IF NOT EXISTS "category_translations" (
  "category_slug" text NOT NULL REFERENCES "categories"("slug") ON DELETE CASCADE,
  "locale" text NOT NULL,
  "label" text NOT NULL,
  PRIMARY KEY ("category_slug", "locale")
);
--> statement-breakpoint
CREATE INDEX IF NOT EXISTS "category_translations_locale_idx" ON "category_translations" ("locale");
--> statement-breakpoint

CREATE TABLE IF NOT EXISTS "supply_translations" (
  "supply_id" uuid NOT NULL REFERENCES "supplies"("id") ON DELETE CASCADE,
  "locale" text NOT NULL,
  "name" text NOT NULL,
  PRIMARY KEY ("supply_id", "locale")
);
--> statement-breakpoint
CREATE INDEX IF NOT EXISTS "supply_translations_locale_idx" ON "supply_translations" ("locale");
--> statement-breakpoint

CREATE INDEX IF NOT EXISTS "categories_parent_slug_idx" ON "categories" ("parent_slug");
--> statement-breakpoint

INSERT INTO "category_translations" ("category_slug", "locale", "label")
SELECT "slug", 'en', "label_en"
FROM "categories"
ON CONFLICT DO NOTHING;
--> statement-breakpoint

-- UCAB Hoja maestra (#219): seed idempotente del catalogo maestro de insumos
-- Fuente: `/Users/sergioballesteros/Downloads/UCAB Hoja maestra.xlsx`
-- `code` usa prefijo por categoria general + correlativo por familia.
-- Hoja MAESTRA: 210 filas reales + 1 grupo sintético del BUSCADOR (Equipos de Acceso Vascular).
-- Hoja BUSCADOR: 454 términos normalizados -> `supply_aliases` (444 claves únicas tras normalizar).

INSERT INTO category_aliases (alias_norm, category_slug) VALUES
  ('alimentos frescos', 'food'),
  ('alimentos no perecederos', 'food'),
  ('cuidado infantil', 'hygiene'),
  ('higiene personal', 'hygiene'),
  ('medicina e insumos medicos', 'medical_supplies'),
  ('materiales de extraccion', 'tools'),
  ('mascotas', 'other'),
  ('otros', 'other')
ON CONFLICT (alias_norm) DO UPDATE SET category_slug = EXCLUDED.category_slug;
--> statement-breakpoint

INSERT INTO supplies (id, code, name, category_slug, default_unit, attributes, variant_of_id, created_at, updated_at) VALUES
  ('cf8da6e3-7b91-52ff-8cf7-bbff50786c35', 'ALI-001', 'Agua potable (botellón 18L)', 'food', 'und', '{"sourceCode":"INS-001","registrationNotes":"⚠️ Anotar volumen real en Obs si difiere"}'::jsonb, NULL, TIMESTAMPTZ '2026-06-29 00:00:00+00', TIMESTAMPTZ '2026-06-29 00:00:00+00'),
  ('ff483c64-894b-5d4e-bd33-5a3ddfb6f519', 'ALI-002', 'Agua potable (botella 355ml)', 'food', 'und', '{"sourceCode":"INS-002","registrationNotes":"⚠️ Se han recibido 300ml, 380ml, 400ml — anotar en Obs"}'::jsonb, NULL, TIMESTAMPTZ '2026-06-29 00:00:00+00', TIMESTAMPTZ '2026-06-29 00:00:00+00'),
  ('d8883926-c756-5831-9ebc-8e9ed0c86318', 'ALI-003', 'Agua potable (botella 600ml)', 'food', 'und', '{"sourceCode":"INS-003","registrationNotes":"⚠️ Se han recibido 500ml — anotar tamaño real en Obs"}'::jsonb, NULL, TIMESTAMPTZ '2026-06-29 00:00:00+00', TIMESTAMPTZ '2026-06-29 00:00:00+00'),
  ('239159d8-ebbc-571b-be4a-5286a5356571', 'ALI-004', 'Agua potable (botella 750ml)', 'food', 'und', '{"sourceCode":"INS-004"}'::jsonb, NULL, TIMESTAMPTZ '2026-06-29 00:00:00+00', TIMESTAMPTZ '2026-06-29 00:00:00+00'),
  ('ef555dc7-99b3-5732-87d6-fe63cc1f4bdc', 'ALI-005', 'Agua potable (botella 1.5L)', 'food', 'und', '{"sourceCode":"INS-005","registrationNotes":"⚠️ Se han recibido 1L — anotar en Obs"}'::jsonb, NULL, TIMESTAMPTZ '2026-06-29 00:00:00+00', TIMESTAMPTZ '2026-06-29 00:00:00+00'),
  ('a2d50624-55c5-5217-be71-4ab82df5530a', 'ALI-006', 'Agua potable (botella 5L)', 'food', 'und', '{"sourceCode":"INS-006","registrationNotes":"⚠️ Se han recibido garrafones de 15L — anotar en Obs"}'::jsonb, NULL, TIMESTAMPTZ '2026-06-29 00:00:00+00', TIMESTAMPTZ '2026-06-29 00:00:00+00'),
  ('a3c072a6-c293-5a82-b184-4ce3bbd1567f', 'ALI-007', 'Leche pasteurizada', 'food', 'und', '{"sourceCode":"INS-007"}'::jsonb, NULL, TIMESTAMPTZ '2026-06-29 00:00:00+00', TIMESTAMPTZ '2026-06-29 00:00:00+00'),
  ('75d56cb4-68e5-5c82-bf94-53f02b806af1', 'ALI-008', 'Pan de sandwich', 'food', 'und', '{"sourceCode":"INS-008"}'::jsonb, NULL, TIMESTAMPTZ '2026-06-29 00:00:00+00', TIMESTAMPTZ '2026-06-29 00:00:00+00'),
  ('6d7b26ef-f12b-59d0-afb5-fb70dd5d9627', 'ALI-009', 'Jamón / mortadela', 'food', 'und', '{"sourceCode":"INS-009"}'::jsonb, NULL, TIMESTAMPTZ '2026-06-29 00:00:00+00', TIMESTAMPTZ '2026-06-29 00:00:00+00'),
  ('43ffe067-59e0-564f-b0d6-e8db88992dac', 'ALI-010', 'Margarina / mantequilla', 'food', 'und', '{"sourceCode":"INS-010"}'::jsonb, NULL, TIMESTAMPTZ '2026-06-29 00:00:00+00', TIMESTAMPTZ '2026-06-29 00:00:00+00'),
  ('1d08527a-b2fd-5310-908b-6cda8e9b3188', 'ALI-011', 'Mayonesa', 'food', 'und', '{"sourceCode":"INS-011"}'::jsonb, NULL, TIMESTAMPTZ '2026-06-29 00:00:00+00', TIMESTAMPTZ '2026-06-29 00:00:00+00'),
  ('8ecc3d2d-132b-531a-a191-b0ca78ef8a34', 'ALI-012', 'Salsa de tomate', 'food', 'und', '{"sourceCode":"INS-012"}'::jsonb, NULL, TIMESTAMPTZ '2026-06-29 00:00:00+00', TIMESTAMPTZ '2026-06-29 00:00:00+00'),
  ('bfafe5aa-7254-5f61-a1a4-bfa69f7c29ed', 'ALI-013', 'Jugos naturales', 'food', 'und', '{"sourceCode":"INS-013"}'::jsonb, NULL, TIMESTAMPTZ '2026-06-29 00:00:00+00', TIMESTAMPTZ '2026-06-29 00:00:00+00'),
  ('e23f8b3c-8126-5d19-9c76-bea0f4c1f914', 'ALI-014', 'Jugos (en caja o botella pequeña)', 'food', 'und', '{"sourceCode":"INS-014"}'::jsonb, NULL, TIMESTAMPTZ '2026-06-29 00:00:00+00', TIMESTAMPTZ '2026-06-29 00:00:00+00'),
  ('4b020a6c-143b-56df-b2c8-8dd4656e6706', 'ALI-015', 'Refrescos (2L)', 'food', 'und', '{"sourceCode":"INS-015","registrationNotes":"Incluye bebidas tipo malta indicar en Obs"}'::jsonb, NULL, TIMESTAMPTZ '2026-06-29 00:00:00+00', TIMESTAMPTZ '2026-06-29 00:00:00+00'),
  ('18846fce-f516-575b-9deb-5c73bcaf994f', 'ALI-016', 'Refrescos/jugos (1.5L)', 'food', 'und', '{"sourceCode":"INS-016","registrationNotes":"Incluye bebidas tipo malta indicar en Obs"}'::jsonb, NULL, TIMESTAMPTZ '2026-06-29 00:00:00+00', TIMESTAMPTZ '2026-06-29 00:00:00+00'),
  ('20ff9133-5f28-596c-ab75-aa831028e9ca', 'ALI-017', 'Refresco en lata', 'food', 'und', '{"sourceCode":"INS-017","registrationNotes":"Incluye bebidas tipo malta indicar en Obs"}'::jsonb, NULL, TIMESTAMPTZ '2026-06-29 00:00:00+00', TIMESTAMPTZ '2026-06-29 00:00:00+00'),
  ('dc907f39-8356-5e09-969d-908a0dab30e5', 'ALI-018', 'Bebidas en polvo', 'food', 'und', '{"sourceCode":"INS-018","registrationNotes":"Anotar tipo en Obs"}'::jsonb, NULL, TIMESTAMPTZ '2026-06-29 00:00:00+00', TIMESTAMPTZ '2026-06-29 00:00:00+00'),
  ('8a2b2c85-ea0a-504f-8759-907acf802853', 'ALI-019', 'Rikesa o similares', 'food', 'und', '{"sourceCode":"INS-019","registrationNotes":"Incluye bebidas tipo malta"}'::jsonb, NULL, TIMESTAMPTZ '2026-06-29 00:00:00+00', TIMESTAMPTZ '2026-06-29 00:00:00+00'),
  ('58460895-ff37-513f-aad0-660adccbe762', 'ALI-020', 'Verduras variadas', 'food', 'und', '{"sourceCode":"INS-020","registrationNotes":"Anotar tipo en Obs"}'::jsonb, NULL, TIMESTAMPTZ '2026-06-29 00:00:00+00', TIMESTAMPTZ '2026-06-29 00:00:00+00'),
  ('85b7c3ed-6c81-55a8-8f85-0c1d9edece4d', 'ALI-021', 'Masa de cachapa', 'food', 'und', '{"sourceCode":"INS-021"}'::jsonb, NULL, TIMESTAMPTZ '2026-06-29 00:00:00+00', TIMESTAMPTZ '2026-06-29 00:00:00+00'),
  ('d20d99b1-3199-579e-9bfe-71a25ed62025', 'ALI-022', 'Comida preparada (raciones)', 'food', 'und', '{"sourceCode":"INS-022","registrationNotes":"Anotar nro. de raciones en Obs"}'::jsonb, NULL, TIMESTAMPTZ '2026-06-29 00:00:00+00', TIMESTAMPTZ '2026-06-29 00:00:00+00'),
  ('5d6412bd-dbf6-575d-a265-529f31a9e2d8', 'ALI-023', 'Arroz', 'food', 'und', '{"sourceCode":"INS-023"}'::jsonb, NULL, TIMESTAMPTZ '2026-06-29 00:00:00+00', TIMESTAMPTZ '2026-06-29 00:00:00+00'),
  ('0b4b19c7-0b3d-58ac-a50d-df3cb2c57933', 'ALI-024', 'Harina de maíz precocida', 'food', 'und', '{"sourceCode":"INS-024"}'::jsonb, NULL, TIMESTAMPTZ '2026-06-29 00:00:00+00', TIMESTAMPTZ '2026-06-29 00:00:00+00'),
  ('46922fbb-3dea-5917-b8a0-92d0fb3fb788', 'ALI-025', 'Pasta adulto', 'food', 'und', '{"sourceCode":"INS-025"}'::jsonb, NULL, TIMESTAMPTZ '2026-06-29 00:00:00+00', TIMESTAMPTZ '2026-06-29 00:00:00+00'),
  ('cd96f63c-be76-5c10-a2d8-9f57af24ab43', 'ALI-026', 'Harina de trigo', 'food', 'und', '{"sourceCode":"INS-026"}'::jsonb, NULL, TIMESTAMPTZ '2026-06-29 00:00:00+00', TIMESTAMPTZ '2026-06-29 00:00:00+00'),
  ('4dfc564f-7b48-5db3-bd64-af7ef96228e5', 'ALI-027', 'Harina de arroz', 'food', 'und', '{"sourceCode":"INS-027"}'::jsonb, NULL, TIMESTAMPTZ '2026-06-29 00:00:00+00', TIMESTAMPTZ '2026-06-29 00:00:00+00'),
  ('ca7f89c9-f026-5bce-acaa-e73780148ba4', 'ALI-028', 'Crema de arroz', 'food', 'und', '{"sourceCode":"INS-028"}'::jsonb, NULL, TIMESTAMPTZ '2026-06-29 00:00:00+00', TIMESTAMPTZ '2026-06-29 00:00:00+00'),
  ('6eee7d51-5d87-5aee-9626-2b49a992d70c', 'ALI-029', 'Avena', 'food', 'und', '{"sourceCode":"INS-029"}'::jsonb, NULL, TIMESTAMPTZ '2026-06-29 00:00:00+00', TIMESTAMPTZ '2026-06-29 00:00:00+00'),
  ('f282be57-d92d-5a07-9b36-d965f4e26a71', 'ALI-030', 'Cereal', 'food', 'und', '{"sourceCode":"INS-030"}'::jsonb, NULL, TIMESTAMPTZ '2026-06-29 00:00:00+00', TIMESTAMPTZ '2026-06-29 00:00:00+00'),
  ('fdeda912-eb38-5136-ba8b-4e7e8d608fc6', 'ALI-031', 'Sardinas en lata', 'food', 'und', '{"sourceCode":"INS-031"}'::jsonb, NULL, TIMESTAMPTZ '2026-06-29 00:00:00+00', TIMESTAMPTZ '2026-06-29 00:00:00+00'),
  ('ec928f9a-05ff-5e79-a2ad-1995ec305a52', 'ALI-032', 'Atún en lata', 'food', 'und', '{"sourceCode":"INS-032"}'::jsonb, NULL, TIMESTAMPTZ '2026-06-29 00:00:00+00', TIMESTAMPTZ '2026-06-29 00:00:00+00'),
  ('37d8a5c9-3e39-5fc7-bb6a-52af12998e78', 'ALI-033', 'Carne enlatada', 'food', 'und', '{"sourceCode":"INS-033"}'::jsonb, NULL, TIMESTAMPTZ '2026-06-29 00:00:00+00', TIMESTAMPTZ '2026-06-29 00:00:00+00'),
  ('604ecd01-fafa-5ea0-a249-c4f7b8a1be8a', 'ALI-034', 'Jamón endiablado', 'food', 'und', '{"sourceCode":"INS-034"}'::jsonb, NULL, TIMESTAMPTZ '2026-06-29 00:00:00+00', TIMESTAMPTZ '2026-06-29 00:00:00+00'),
  ('7e236854-75d4-5976-a9a1-2580814a6688', 'ALI-035', 'Champiñones en lata', 'food', 'und', '{"sourceCode":"INS-035"}'::jsonb, NULL, TIMESTAMPTZ '2026-06-29 00:00:00+00', TIMESTAMPTZ '2026-06-29 00:00:00+00'),
  ('e2d51bf1-5c89-5e1a-8f31-fff40a288134', 'ALI-036', 'Frutas en lata', 'food', 'und', '{"sourceCode":"INS-036"}'::jsonb, NULL, TIMESTAMPTZ '2026-06-29 00:00:00+00', TIMESTAMPTZ '2026-06-29 00:00:00+00'),
  ('da03b509-67f3-5f3a-a94d-828b09c30c0f', 'ALI-037', 'Maíz en lata', 'food', 'und', '{"sourceCode":"INS-037"}'::jsonb, NULL, TIMESTAMPTZ '2026-06-29 00:00:00+00', TIMESTAMPTZ '2026-06-29 00:00:00+00'),
  ('f947d5eb-a4a0-5c0d-9107-1756def5385d', 'ALI-038', 'Caraotas negras', 'food', 'und', '{"sourceCode":"INS-038"}'::jsonb, NULL, TIMESTAMPTZ '2026-06-29 00:00:00+00', TIMESTAMPTZ '2026-06-29 00:00:00+00'),
  ('73e5ec7b-770e-53fc-87c9-3933a3984311', 'ALI-039', 'Lentejas', 'food', 'und', '{"sourceCode":"INS-039"}'::jsonb, NULL, TIMESTAMPTZ '2026-06-29 00:00:00+00', TIMESTAMPTZ '2026-06-29 00:00:00+00'),
  ('edd602b4-cc86-508b-9c77-8dfdaefd80b6', 'ALI-040', 'Granos mixtos', 'food', 'und', '{"sourceCode":"INS-040","registrationNotes":"Anotar tipo en Obs"}'::jsonb, NULL, TIMESTAMPTZ '2026-06-29 00:00:00+00', TIMESTAMPTZ '2026-06-29 00:00:00+00'),
  ('58577f88-f481-5cc2-ae2b-082238e1d982', 'ALI-041', 'Azúcar', 'food', 'und', '{"sourceCode":"INS-041"}'::jsonb, NULL, TIMESTAMPTZ '2026-06-29 00:00:00+00', TIMESTAMPTZ '2026-06-29 00:00:00+00'),
  ('3b1d571d-4687-536e-9aed-d65a29383a72', 'ALI-042', 'Sal', 'food', 'und', '{"sourceCode":"INS-042"}'::jsonb, NULL, TIMESTAMPTZ '2026-06-29 00:00:00+00', TIMESTAMPTZ '2026-06-29 00:00:00+00'),
  ('d9ef4696-9326-5a4b-a7bd-b2b652a672f3', 'ALI-043', 'Aceite vegetal', 'food', 'und', '{"sourceCode":"INS-043"}'::jsonb, NULL, TIMESTAMPTZ '2026-06-29 00:00:00+00', TIMESTAMPTZ '2026-06-29 00:00:00+00'),
  ('cb9ac124-e1dd-5ba1-8bc9-8b259e1e6ccb', 'ALI-044', 'Leche en polvo', 'food', 'und', '{"sourceCode":"INS-044"}'::jsonb, NULL, TIMESTAMPTZ '2026-06-29 00:00:00+00', TIMESTAMPTZ '2026-06-29 00:00:00+00'),
  ('0f0fb2ab-bb8f-5d82-ade8-9b73642e549f', 'ALI-045', 'Café molido', 'food', 'und', '{"sourceCode":"INS-045"}'::jsonb, NULL, TIMESTAMPTZ '2026-06-29 00:00:00+00', TIMESTAMPTZ '2026-06-29 00:00:00+00'),
  ('61003964-b241-589c-9791-f94d9956fd10', 'ALI-046', 'Galletas saladas', 'food', 'und', '{"sourceCode":"INS-046"}'::jsonb, NULL, TIMESTAMPTZ '2026-06-29 00:00:00+00', TIMESTAMPTZ '2026-06-29 00:00:00+00'),
  ('1e04115d-105f-574b-a950-1929923c04fc', 'ALI-047', 'Galletas dulces', 'food', 'und', '{"sourceCode":"INS-047"}'::jsonb, NULL, TIMESTAMPTZ '2026-06-29 00:00:00+00', TIMESTAMPTZ '2026-06-29 00:00:00+00'),
  ('2581ee91-34ba-549e-aa10-ae2ad408037d', 'ALI-048', 'Chucherías', 'food', 'und', '{"sourceCode":"INS-048","registrationNotes":"Anotar tipo en Obs"}'::jsonb, NULL, TIMESTAMPTZ '2026-06-29 00:00:00+00', TIMESTAMPTZ '2026-06-29 00:00:00+00'),
  ('af69527e-ca49-5c29-8eeb-145eaef12ddd', 'ALI-049', 'Tortillas de trigo', 'food', 'und', '{"sourceCode":"INS-049"}'::jsonb, NULL, TIMESTAMPTZ '2026-06-29 00:00:00+00', TIMESTAMPTZ '2026-06-29 00:00:00+00'),
  ('07286049-6829-51f5-9cd7-decf0b340703', 'ALI-050', 'Bebidas deportivas', 'food', 'und', '{"sourceCode":"INS-050","registrationNotes":"Gatorade, Powerade y similares"}'::jsonb, NULL, TIMESTAMPTZ '2026-06-29 00:00:00+00', TIMESTAMPTZ '2026-06-29 00:00:00+00'),
  ('c3512a2b-df83-523f-a739-7c15a8abb59a', 'ALI-051', 'Chicha en polvo', 'food', 'und', '{"sourceCode":"INS-051"}'::jsonb, NULL, TIMESTAMPTZ '2026-06-29 00:00:00+00', TIMESTAMPTZ '2026-06-29 00:00:00+00'),
  ('9fd0b504-419d-5832-a6fe-38a97caa3f39', 'ALI-052', 'Gelatina en polvo', 'food', 'und', '{"sourceCode":"INS-052"}'::jsonb, NULL, TIMESTAMPTZ '2026-06-29 00:00:00+00', TIMESTAMPTZ '2026-06-29 00:00:00+00'),
  ('12c1eea0-c443-5c26-aac0-c6a1b415cd7a', 'HIG-001', 'Pañales talla 1 (RN)', 'hygiene', 'und', '{"sourceCode":"INS-053"}'::jsonb, NULL, TIMESTAMPTZ '2026-06-29 00:00:00+00', TIMESTAMPTZ '2026-06-29 00:00:00+00'),
  ('31a48a0a-404b-5f9f-a3da-41771fb1f807', 'HIG-002', 'Pañales talla 2', 'hygiene', 'und', '{"sourceCode":"INS-054"}'::jsonb, NULL, TIMESTAMPTZ '2026-06-29 00:00:00+00', TIMESTAMPTZ '2026-06-29 00:00:00+00'),
  ('60a5835b-dbb1-5591-8a8d-cec9039c6537', 'HIG-003', 'Pañales talla 3', 'hygiene', 'und', '{"sourceCode":"INS-055"}'::jsonb, NULL, TIMESTAMPTZ '2026-06-29 00:00:00+00', TIMESTAMPTZ '2026-06-29 00:00:00+00'),
  ('b5993a3d-aacd-52f3-b337-911d96ae9c0a', 'HIG-004', 'Pañales talla 4', 'hygiene', 'und', '{"sourceCode":"INS-056"}'::jsonb, NULL, TIMESTAMPTZ '2026-06-29 00:00:00+00', TIMESTAMPTZ '2026-06-29 00:00:00+00'),
  ('862c18fe-fa9e-5485-8aa3-6ef063089dc8', 'HIG-005', 'Pañales talla 5 o más', 'hygiene', 'und', '{"sourceCode":"INS-057"}'::jsonb, NULL, TIMESTAMPTZ '2026-06-29 00:00:00+00', TIMESTAMPTZ '2026-06-29 00:00:00+00'),
  ('1943ac4b-69d9-5772-8b82-13d404d92733', 'HIG-006', 'Toallitas húmedas', 'hygiene', 'und', '{"sourceCode":"INS-058"}'::jsonb, NULL, TIMESTAMPTZ '2026-06-29 00:00:00+00', TIMESTAMPTZ '2026-06-29 00:00:00+00'),
  ('cf53e81b-b718-58f1-b710-8df3740aab6c', 'HIG-007', 'Crema antipañalitis', 'hygiene', 'und', '{"sourceCode":"INS-059"}'::jsonb, NULL, TIMESTAMPTZ '2026-06-29 00:00:00+00', TIMESTAMPTZ '2026-06-29 00:00:00+00'),
  ('7e6d68d4-6492-5a11-9ddc-41ca05f7ab5b', 'HIG-008', 'Talco para bebé', 'hygiene', 'und', '{"sourceCode":"INS-060"}'::jsonb, NULL, TIMESTAMPTZ '2026-06-29 00:00:00+00', TIMESTAMPTZ '2026-06-29 00:00:00+00'),
  ('e8bb21a8-db0a-5199-9ad7-ee76f78d150d', 'HIG-009', 'Jabón de baño bebé', 'hygiene', 'und', '{"sourceCode":"INS-061"}'::jsonb, NULL, TIMESTAMPTZ '2026-06-29 00:00:00+00', TIMESTAMPTZ '2026-06-29 00:00:00+00'),
  ('c54d1880-286c-53e2-8ad9-bfcffe163f11', 'HIG-010', 'Champú bebé', 'hygiene', 'und', '{"sourceCode":"INS-062"}'::jsonb, NULL, TIMESTAMPTZ '2026-06-29 00:00:00+00', TIMESTAMPTZ '2026-06-29 00:00:00+00'),
  ('a672ccaf-da27-5501-aa41-0ba61f87e67a', 'HIG-011', 'Leche de fórmula infantil', 'hygiene', 'und', '{"sourceCode":"INS-063"}'::jsonb, NULL, TIMESTAMPTZ '2026-06-29 00:00:00+00', TIMESTAMPTZ '2026-06-29 00:00:00+00'),
  ('fbacb5dd-f349-597c-9636-0134af5227ac', 'HIG-012', 'Fórmula para bebé', 'hygiene', 'und', '{"sourceCode":"INS-064","registrationNotes":"Incluye fórmula de soya — anotar en Obs"}'::jsonb, NULL, TIMESTAMPTZ '2026-06-29 00:00:00+00', TIMESTAMPTZ '2026-06-29 00:00:00+00'),
  ('c5ba65af-2710-511b-b3e6-70401d0e935c', 'HIG-013', 'Biberón / tetero', 'hygiene', 'und', '{"sourceCode":"INS-065"}'::jsonb, NULL, TIMESTAMPTZ '2026-06-29 00:00:00+00', TIMESTAMPTZ '2026-06-29 00:00:00+00'),
  ('74f426c5-0f15-50b5-834a-b407f98add88', 'HIG-014', 'Chupo / chupón', 'hygiene', 'und', '{"sourceCode":"INS-066"}'::jsonb, NULL, TIMESTAMPTZ '2026-06-29 00:00:00+00', TIMESTAMPTZ '2026-06-29 00:00:00+00'),
  ('6e3e3c19-0d87-5302-ba3e-de257ae26bc9', 'HIG-015', 'Clip para chupón', 'hygiene', 'und', '{"sourceCode":"INS-067"}'::jsonb, NULL, TIMESTAMPTZ '2026-06-29 00:00:00+00', TIMESTAMPTZ '2026-06-29 00:00:00+00'),
  ('b5d6112a-bb0c-5572-99f0-d52bed4e2b2d', 'HIG-016', 'Embudo para lactancia', 'hygiene', 'und', '{"sourceCode":"INS-068"}'::jsonb, NULL, TIMESTAMPTZ '2026-06-29 00:00:00+00', TIMESTAMPTZ '2026-06-29 00:00:00+00'),
  ('2af4cf8d-e1a0-5fa3-a96f-fd9df5751e5c', 'HIG-017', 'Calentador de leche para bebé', 'hygiene', 'und', '{"sourceCode":"INS-069"}'::jsonb, NULL, TIMESTAMPTZ '2026-06-29 00:00:00+00', TIMESTAMPTZ '2026-06-29 00:00:00+00'),
  ('ebd5c848-0e10-5927-918c-cd87b69e0a51', 'HIG-018', 'Cobija / arrullo para bebé', 'hygiene', 'und', '{"sourceCode":"INS-070"}'::jsonb, NULL, TIMESTAMPTZ '2026-06-29 00:00:00+00', TIMESTAMPTZ '2026-06-29 00:00:00+00'),
  ('c77249db-9df5-56c1-b52b-50454e63313c', 'HIG-019', 'Compotas / purés infantiles', 'hygiene', 'und', '{"sourceCode":"INS-071"}'::jsonb, NULL, TIMESTAMPTZ '2026-06-29 00:00:00+00', TIMESTAMPTZ '2026-06-29 00:00:00+00'),
  ('831ec2b4-cade-5955-9ea0-48e3a970b4e3', 'HIG-020', 'Pasta para bebé', 'hygiene', 'und', '{"sourceCode":"INS-072"}'::jsonb, NULL, TIMESTAMPTZ '2026-06-29 00:00:00+00', TIMESTAMPTZ '2026-06-29 00:00:00+00'),
  ('13b5941b-d867-5f62-8527-f00cb3a26244', 'HIG-021', 'Galletas para bebé', 'hygiene', 'und', '{"sourceCode":"INS-073"}'::jsonb, NULL, TIMESTAMPTZ '2026-06-29 00:00:00+00', TIMESTAMPTZ '2026-06-29 00:00:00+00'),
  ('a92cbdc9-a26c-5f96-a543-1d1856261b98', 'HIG-022', 'Cereal de arroz / avena bebé', 'hygiene', 'und', '{"sourceCode":"INS-074"}'::jsonb, NULL, TIMESTAMPTZ '2026-06-29 00:00:00+00', TIMESTAMPTZ '2026-06-29 00:00:00+00'),
  ('0e70340b-11a4-587b-9826-01eaeee01c03', 'HIG-023', 'Juguetes', 'hygiene', 'und', '{"sourceCode":"INS-075","registrationNotes":"Anotar tipo en Obs"}'::jsonb, NULL, TIMESTAMPTZ '2026-06-29 00:00:00+00', TIMESTAMPTZ '2026-06-29 00:00:00+00'),
  ('8b625240-807f-511b-9b73-c6f1f83b7fd7', 'HIG-024', 'Suero oral pediátrico', 'hygiene', 'und', '{"sourceCode":"INS-076"}'::jsonb, NULL, TIMESTAMPTZ '2026-06-29 00:00:00+00', TIMESTAMPTZ '2026-06-29 00:00:00+00'),
  ('f157b4c4-74f9-5621-82ee-ee6b7b80de50', 'HIG-025', 'Ropa y calzado para bebé / niño', 'hygiene', 'und', '{"sourceCode":"INS-077","registrationNotes":"Anotar talla y tipo en Obs"}'::jsonb, NULL, TIMESTAMPTZ '2026-06-29 00:00:00+00', TIMESTAMPTZ '2026-06-29 00:00:00+00'),
  ('bb5072a2-663a-5a38-bc6b-6aeca5d9b16a', 'HIG-026', 'Útiles escolares (kit)', 'hygiene', 'und', '{"sourceCode":"INS-078","registrationNotes":"Anotar contenido en Obs"}'::jsonb, NULL, TIMESTAMPTZ '2026-06-29 00:00:00+00', TIMESTAMPTZ '2026-06-29 00:00:00+00'),
  ('99f81182-b90f-5126-83b2-0f8ded81bce3', 'HIG-027', 'Jabón de baño', 'hygiene', 'und', '{"sourceCode":"INS-079"}'::jsonb, NULL, TIMESTAMPTZ '2026-06-29 00:00:00+00', TIMESTAMPTZ '2026-06-29 00:00:00+00'),
  ('eea2fc44-83dc-5661-a6fe-b862b838c8d8', 'HIG-028', 'Jabón antibacterial líquido', 'hygiene', 'und', '{"sourceCode":"INS-080"}'::jsonb, NULL, TIMESTAMPTZ '2026-06-29 00:00:00+00', TIMESTAMPTZ '2026-06-29 00:00:00+00'),
  ('0da51335-d0b7-5f23-8ad3-22513e4472be', 'HIG-029', 'Jabón de lavar ropa', 'hygiene', 'und', '{"sourceCode":"INS-081"}'::jsonb, NULL, TIMESTAMPTZ '2026-06-29 00:00:00+00', TIMESTAMPTZ '2026-06-29 00:00:00+00'),
  ('ff00a5d4-48c1-551a-a51d-6ffbc17c21e2', 'HIG-030', 'Champú', 'hygiene', 'und', '{"sourceCode":"INS-082"}'::jsonb, NULL, TIMESTAMPTZ '2026-06-29 00:00:00+00', TIMESTAMPTZ '2026-06-29 00:00:00+00'),
  ('b7e7762c-9607-5952-9f50-26af123a21cf', 'HIG-031', 'Acondicionador', 'hygiene', 'und', '{"sourceCode":"INS-083"}'::jsonb, NULL, TIMESTAMPTZ '2026-06-29 00:00:00+00', TIMESTAMPTZ '2026-06-29 00:00:00+00'),
  ('e8b85759-71c5-562e-a4b7-252e9b9ad3d7', 'HIG-032', 'Crema para peinar', 'hygiene', 'und', '{"sourceCode":"INS-084"}'::jsonb, NULL, TIMESTAMPTZ '2026-06-29 00:00:00+00', TIMESTAMPTZ '2026-06-29 00:00:00+00'),
  ('5bbcccac-aa91-58bf-adde-e6328ba1cddb', 'HIG-033', 'Pasta dental', 'hygiene', 'und', '{"sourceCode":"INS-085"}'::jsonb, NULL, TIMESTAMPTZ '2026-06-29 00:00:00+00', TIMESTAMPTZ '2026-06-29 00:00:00+00'),
  ('e0529b00-6002-5bd8-9af6-081d7e74cc20', 'HIG-034', 'Cepillo dental', 'hygiene', 'und', '{"sourceCode":"INS-086"}'::jsonb, NULL, TIMESTAMPTZ '2026-06-29 00:00:00+00', TIMESTAMPTZ '2026-06-29 00:00:00+00'),
  ('aee187fb-7d97-5cbc-9b11-8b663fb18bdf', 'HIG-035', 'Desodorante', 'hygiene', 'und', '{"sourceCode":"INS-087"}'::jsonb, NULL, TIMESTAMPTZ '2026-06-29 00:00:00+00', TIMESTAMPTZ '2026-06-29 00:00:00+00'),
  ('56a10659-5091-5984-9693-c5c4037bc292', 'HIG-036', 'Afeitadora desechable', 'hygiene', 'und', '{"sourceCode":"INS-088"}'::jsonb, NULL, TIMESTAMPTZ '2026-06-29 00:00:00+00', TIMESTAMPTZ '2026-06-29 00:00:00+00'),
  ('bf1da5cf-aa04-5874-be8b-2034c4998893', 'HIG-037', 'Vaselina', 'hygiene', 'und', '{"sourceCode":"INS-089"}'::jsonb, NULL, TIMESTAMPTZ '2026-06-29 00:00:00+00', TIMESTAMPTZ '2026-06-29 00:00:00+00'),
  ('006ef151-1f56-50a4-b4a1-2ec4876910a1', 'HIG-038', 'Papel higiénico', 'hygiene', 'und', '{"sourceCode":"INS-090"}'::jsonb, NULL, TIMESTAMPTZ '2026-06-29 00:00:00+00', TIMESTAMPTZ '2026-06-29 00:00:00+00'),
  ('082d14c6-ad19-500f-a16c-41cf6441b82e', 'HIG-039', 'Toallas sanitarias', 'hygiene', 'und', '{"sourceCode":"INS-091","registrationNotes":"Incluye post-parto — anotar en Obs"}'::jsonb, NULL, TIMESTAMPTZ '2026-06-29 00:00:00+00', TIMESTAMPTZ '2026-06-29 00:00:00+00'),
  ('69c0ee7c-2a76-5243-b3e1-53b8a6fce506', 'HIG-040', 'Tampones', 'hygiene', 'und', '{"sourceCode":"INS-092"}'::jsonb, NULL, TIMESTAMPTZ '2026-06-29 00:00:00+00', TIMESTAMPTZ '2026-06-29 00:00:00+00'),
  ('964344ad-0f44-5117-8c1d-b165325bdf08', 'HIG-041', 'Toallas para baño', 'hygiene', 'und', '{"sourceCode":"INS-093"}'::jsonb, NULL, TIMESTAMPTZ '2026-06-29 00:00:00+00', TIMESTAMPTZ '2026-06-29 00:00:00+00'),
  ('096ef44d-99cc-56e8-9414-3e639f014500', 'HIG-042', 'Pañales para adulto', 'hygiene', 'und', '{"sourceCode":"INS-094"}'::jsonb, NULL, TIMESTAMPTZ '2026-06-29 00:00:00+00', TIMESTAMPTZ '2026-06-29 00:00:00+00'),
  ('c962e4f3-85e0-56a3-86ee-d81f8a5ae5e8', 'HIG-043', 'Alcohol en gel', 'hygiene', 'und', '{"sourceCode":"INS-095"}'::jsonb, NULL, TIMESTAMPTZ '2026-06-29 00:00:00+00', TIMESTAMPTZ '2026-06-29 00:00:00+00'),
  ('c81d321e-7963-55c0-8c8d-1c25e490cdcf', 'HIG-044', 'Kit de limpieza personal', 'hygiene', 'und', '{"sourceCode":"INS-096"}'::jsonb, NULL, TIMESTAMPTZ '2026-06-29 00:00:00+00', TIMESTAMPTZ '2026-06-29 00:00:00+00'),
  ('447e3b8a-9822-5f65-ac01-735b2f9d40d9', 'HIG-045', 'Bolsas para basura', 'hygiene', 'und', '{"sourceCode":"INS-097"}'::jsonb, NULL, TIMESTAMPTZ '2026-06-29 00:00:00+00', TIMESTAMPTZ '2026-06-29 00:00:00+00'),
  ('9f1efb39-b0ad-5faf-bd89-b66c59936592', 'HIG-046', 'Detergente en polvo', 'hygiene', 'und', '{"sourceCode":"INS-098"}'::jsonb, NULL, TIMESTAMPTZ '2026-06-29 00:00:00+00', TIMESTAMPTZ '2026-06-29 00:00:00+00'),
  ('37370371-75e8-50ed-acaa-d5cf9ee90082', 'HIG-047', 'Limpiapisos / desinfectante multiusos', 'hygiene', 'und', '{"sourceCode":"INS-099"}'::jsonb, NULL, TIMESTAMPTZ '2026-06-29 00:00:00+00', TIMESTAMPTZ '2026-06-29 00:00:00+00'),
  ('da59f68e-9a83-5dc0-8f4b-ca02f4d42a49', 'HIG-048', 'Cloro para agua (purificación)', 'hygiene', 'und', '{"sourceCode":"INS-100"}'::jsonb, NULL, TIMESTAMPTZ '2026-06-29 00:00:00+00', TIMESTAMPTZ '2026-06-29 00:00:00+00'),
  ('10ca8945-27f0-56cb-9c40-1041d5b12b67', 'MED-001', 'Analgésicos Orales', 'medical_supplies', 'und', '{"sourceCode":"INS-101","registrationNotes":"Acetaminofén, Ibuprofeno, Dipirona, Naproxeno, etc. — sin gramaje, anotar en Obs"}'::jsonb, NULL, TIMESTAMPTZ '2026-06-29 00:00:00+00', TIMESTAMPTZ '2026-06-29 00:00:00+00'),
  ('1a4b5ce0-3fec-5f14-9542-2f71db762fb6', 'MED-002', 'Antiinflamatorios Tópicos', 'medical_supplies', 'und', '{"sourceCode":"INS-102","registrationNotes":"Diclofenac (potásico/sódico/ácido/gel), parches, compresas — anotar forma en Obs"}'::jsonb, NULL, TIMESTAMPTZ '2026-06-29 00:00:00+00', TIMESTAMPTZ '2026-06-29 00:00:00+00'),
  ('92bc03a9-9fa1-555d-92a3-ee182dd15b4c', 'MED-003', 'Antibióticos — Penicilinas y Cefalosporinas', 'medical_supplies', 'und', '{"sourceCode":"INS-103","registrationNotes":"Amoxicilina, Ampicilina, Cefadroxilo, Cefixima — solo con prescripción"}'::jsonb, NULL, TIMESTAMPTZ '2026-06-29 00:00:00+00', TIMESTAMPTZ '2026-06-29 00:00:00+00'),
  ('8edc2906-5990-57c4-bf60-9511ab089d43', 'MED-004', 'Antibióticos — Quinolonas y Otros Orales', 'medical_supplies', 'und', '{"sourceCode":"INS-104","registrationNotes":"Ciprofloxacina, Levofloxacino, Azitromicina, Metronidazol, Clindamicina — solo con prescripción"}'::jsonb, NULL, TIMESTAMPTZ '2026-06-29 00:00:00+00', TIMESTAMPTZ '2026-06-29 00:00:00+00'),
  ('4ae90a8e-0f3e-56f1-a69a-c9ba7b774f00', 'MED-005', 'Antibióticos Inyectables', 'medical_supplies', 'und', '{"sourceCode":"INS-105","registrationNotes":"Ceftriaxona, Meropenem, Gentamicina, Amikacina, Linezolid — SOLO instituciones médicas"}'::jsonb, NULL, TIMESTAMPTZ '2026-06-29 00:00:00+00', TIMESTAMPTZ '2026-06-29 00:00:00+00'),
  ('8b48bd1a-8922-5835-97d8-276e240fd38f', 'MED-006', 'Antiparasitarios y Antimicóticos', 'medical_supplies', 'und', '{"sourceCode":"INS-106","registrationNotes":"Ivermectina, Benzonidasol, Clotrimazol, Bacitracina, Sulfadiazina de plata"}'::jsonb, NULL, TIMESTAMPTZ '2026-06-29 00:00:00+00', TIMESTAMPTZ '2026-06-29 00:00:00+00'),
  ('4a7266a8-4cae-5a5c-a388-4d81eaff8b3d', 'MED-007', 'Antihipertensivos — IECA, ARA II y Calcioantagonistas', 'medical_supplies', 'und', '{"sourceCode":"INS-107","registrationNotes":"Losartán, Enalapril, Captopril, Olmesartán, Amlodipina, etc. — uso crónico personal"}'::jsonb, NULL, TIMESTAMPTZ '2026-06-29 00:00:00+00', TIMESTAMPTZ '2026-06-29 00:00:00+00'),
  ('af50da38-7979-5564-bbc4-edcdde6304a5', 'MED-008', 'Antihipertensivos — Betabloqueantes y Cardíacos', 'medical_supplies', 'und', '{"sourceCode":"INS-108","registrationNotes":"Atenolol, Bisoprolol, Carvedilol, Atorvastatina, Clopidogrel — uso crónico personal"}'::jsonb, NULL, TIMESTAMPTZ '2026-06-29 00:00:00+00', TIMESTAMPTZ '2026-06-29 00:00:00+00'),
  ('646dab31-2522-59ac-8274-5e5954b1da29', 'MED-009', 'Antidiabéticos e Insulina', 'medical_supplies', 'und', '{"sourceCode":"INS-109","registrationNotes":"⚠️ Insulina requiere cadena de frío — anotar tipo en Obs. Incluye Metformina"}'::jsonb, NULL, TIMESTAMPTZ '2026-06-29 00:00:00+00', TIMESTAMPTZ '2026-06-29 00:00:00+00'),
  ('07e68ab0-9e31-5dc1-a56f-efb9c808d46a', 'MED-010', 'Corticoides Sistémicos', 'medical_supplies', 'und', '{"sourceCode":"INS-110","registrationNotes":"Prednisona, Dexametasona, Deflazacort, Bexametasona — solo con prescripción"}'::jsonb, NULL, TIMESTAMPTZ '2026-06-29 00:00:00+00', TIMESTAMPTZ '2026-06-29 00:00:00+00'),
  ('bdfb9314-f298-554a-90a2-6a6d43e8f00c', 'MED-011', 'Corticoides Tópicos', 'medical_supplies', 'und', '{"sourceCode":"INS-111","registrationNotes":"Hidrocortisona crema, Madecasol, Vasenilla — uso externo"}'::jsonb, NULL, TIMESTAMPTZ '2026-06-29 00:00:00+00', TIMESTAMPTZ '2026-06-29 00:00:00+00'),
  ('28cfe56d-090e-5dc5-b4a9-643d129f3444', 'MED-012', 'Antihistamínicos y Antialérgicos', 'medical_supplies', 'und', '{"sourceCode":"INS-112","registrationNotes":"Loratadina, Cetirizina, Desloratadina, Difenhidramina, Gravol — anotar en Obs"}'::jsonb, NULL, TIMESTAMPTZ '2026-06-29 00:00:00+00', TIMESTAMPTZ '2026-06-29 00:00:00+00'),
  ('85c4414b-6947-5491-95bf-2b8debd409c2', 'MED-013', 'Broncodilatadores y Respiratorios', 'medical_supplies', 'und', '{"sourceCode":"INS-113","registrationNotes":"Salbutamol, Ipratropio, Budesonida, Bromexina, Expectorante — anotar forma en Obs"}'::jsonb, NULL, TIMESTAMPTZ '2026-06-29 00:00:00+00', TIMESTAMPTZ '2026-06-29 00:00:00+00'),
  ('1b1d7ca4-ccd9-573b-ae5f-ed6459ab1698', 'MED-014', 'Antiácidos y Gastroprotectores', 'medical_supplies', 'und', '{"sourceCode":"INS-114","registrationNotes":"Omeprazol, Ranitidina, Simetricona, Gerdex — anotar forma en Obs"}'::jsonb, NULL, TIMESTAMPTZ '2026-06-29 00:00:00+00', TIMESTAMPTZ '2026-06-29 00:00:00+00'),
  ('57e48bec-9739-50fd-b23f-fd85317b518c', 'MED-015', 'Antieméticos y Antidiarreicos', 'medical_supplies', 'und', '{"sourceCode":"INS-115","registrationNotes":"Metoclopramida, Loperamida — ⚠️ Loperamida: no usar en diarrea con sangre ni <2 años"}'::jsonb, NULL, TIMESTAMPTZ '2026-06-29 00:00:00+00', TIMESTAMPTZ '2026-06-29 00:00:00+00'),
  ('4385dc29-c6c7-5a79-b5ce-e716c4f83560', 'MED-016', 'Rehidratación y Electrolitos Orales', 'medical_supplies', 'und', '{"sourceCode":"INS-116","registrationNotes":"Suero oral, Sal de rehidratación, Sobre de electrolitos, Hidrolit"}'::jsonb, NULL, TIMESTAMPTZ '2026-06-29 00:00:00+00', TIMESTAMPTZ '2026-06-29 00:00:00+00'),
  ('7ec99b3c-f171-529f-a8f9-acb47636e63c', 'MED-017', 'Anticonvulsivantes y Neuropáticos', 'medical_supplies', 'und', '{"sourceCode":"INS-117","registrationNotes":"Gabapentina, Pregabalina, Fenitoína — ventana terapéutica estrecha, solo médico"}'::jsonb, NULL, TIMESTAMPTZ '2026-06-29 00:00:00+00', TIMESTAMPTZ '2026-06-29 00:00:00+00'),
  ('9fd09d73-e2f5-5a2f-bfe4-ee6da26cb452', 'MED-018', 'Psiquiátricos — Control Especial', 'medical_supplies', 'und', '{"sourceCode":"INS-118","registrationNotes":"⚠️ CONTROLADO: Alprazolam, Clonazepam, Diazepam, Zolpidem, Escitalopram, etc. — registrar paciente y médico"}'::jsonb, NULL, TIMESTAMPTZ '2026-06-29 00:00:00+00', TIMESTAMPTZ '2026-06-29 00:00:00+00'),
  ('0d6dc042-94ec-502a-bc2f-fb177d039508', 'MED-019', 'Vitaminas, Minerales y Suplementos', 'medical_supplies', 'und', '{"sourceCode":"INS-119","registrationNotes":"Vitamina C/K/D3, Complejo B, Ácido fólico, Sulfato ferroso, Calcio, Zinc, Multivitamínico"}'::jsonb, NULL, TIMESTAMPTZ '2026-06-29 00:00:00+00', TIMESTAMPTZ '2026-06-29 00:00:00+00'),
  ('12d1cb5b-8d13-5b3a-a36d-640b1acae506', 'MED-020', 'Oncológicos — Solo Institucional', 'medical_supplies', 'und', '{"sourceCode":"INS-120","registrationNotes":"⚠️ Cisplatino, Arepitant — ALERTAR al coordinador inmediatamente"}'::jsonb, NULL, TIMESTAMPTZ '2026-06-29 00:00:00+00', TIMESTAMPTZ '2026-06-29 00:00:00+00'),
  ('8591401a-2b6a-51b4-88da-8c403e4cddd3', 'MED-021', 'Antisépticos para Heridas', 'medical_supplies', 'und', '{"sourceCode":"INS-121","registrationNotes":"Agua oxigenada, Yodo povidona, Solución yodada, Merthiolate — anotar concentración en Obs"}'::jsonb, NULL, TIMESTAMPTZ '2026-06-29 00:00:00+00', TIMESTAMPTZ '2026-06-29 00:00:00+00'),
  ('e9d183ad-6484-559b-af12-2536e96571b9', 'MED-022', 'Desinfectantes de Superficies y Manos', 'medical_supplies', 'und', '{"sourceCode":"INS-122","registrationNotes":"Alcohol 70%, Alcohol 96% (⚠️ SOLO superficies), Gel antibacterial, Solución germicida"}'::jsonb, NULL, TIMESTAMPTZ '2026-06-29 00:00:00+00', TIMESTAMPTZ '2026-06-29 00:00:00+00'),
  ('b134436f-868c-5b6b-a53b-312f8e590954', 'MED-023', 'Material de Curación y Apósitos', 'medical_supplies', 'und', '{"sourceCode":"INS-123","registrationNotes":"Gasas, Algodón, Vendas, Esparadrapo, Curitas, Apósitos, Compresas — anotar medida en Obs"}'::jsonb, NULL, TIMESTAMPTZ '2026-06-29 00:00:00+00', TIMESTAMPTZ '2026-06-29 00:00:00+00'),
  ('b4e03643-b194-50f9-bd75-1861307f6fbf', 'MED-024', 'Inmovilización y Soporte Físico', 'medical_supplies', 'und', '{"sourceCode":"INS-124","registrationNotes":"Férulas, Collarín cervical, Camilla, Muñequera — anotar tipo en Obs"}'::jsonb, NULL, TIMESTAMPTZ '2026-06-29 00:00:00+00', TIMESTAMPTZ '2026-06-29 00:00:00+00'),
  ('3415ee70-07f8-5739-91fa-59f911ebcbf2', 'MED-025', 'Soluciones Intravenosas', 'medical_supplies', 'und', '{"sourceCode":"INS-125","registrationNotes":"⚠️ SOLO personal médico: Suero fisiológico 0.9%, Dextrosa 5%, Ringer lactato — anotar volumen en Obs"}'::jsonb, NULL, TIMESTAMPTZ '2026-06-29 00:00:00+00', TIMESTAMPTZ '2026-06-29 00:00:00+00'),
  ('85c2932e-b93b-59b3-8678-49a10d5edbd1', 'MED-026', 'Oxigenoterapia y Nebulización', 'medical_supplies', 'und', '{"sourceCode":"INS-126","registrationNotes":"Máscara O₂, Cánula nasal, Kit nebulización, Nebulizador equipo — anotar adulto/pediátrico en Obs"}'::jsonb, NULL, TIMESTAMPTZ '2026-06-29 00:00:00+00', TIMESTAMPTZ '2026-06-29 00:00:00+00'),
  ('0f82890d-ce48-5704-888a-a868ba3353f6', 'MED-027', 'Instrumental Quirúrgico', 'medical_supplies', 'und', '{"sourceCode":"INS-127","registrationNotes":"Suturas, Bisturí, Pinzas, Sondas, Recolectores — SOLO para instituciones médicas"}'::jsonb, NULL, TIMESTAMPTZ '2026-06-29 00:00:00+00', TIMESTAMPTZ '2026-06-29 00:00:00+00'),
  ('55eddac3-01b5-5084-ad41-83e6867d7940', 'MED-028', 'Diagnóstico y Laboratorio', 'medical_supplies', 'und', '{"sourceCode":"INS-128","registrationNotes":"Tensiómetro, Termómetro, Oxímetro, Glucómetro, Tubos de ensayo, Bajalenguas, Gotas — anotar en Obs"}'::jsonb, NULL, TIMESTAMPTZ '2026-06-29 00:00:00+00', TIMESTAMPTZ '2026-06-29 00:00:00+00'),
  ('f7a7ec37-e8eb-567f-bab1-930191c08129', 'MED-029', 'Monos quirúrgicos', 'medical_supplies', 'und', '{"sourceCode":"INS-129","registrationNotes":"Anotar talla en Obs"}'::jsonb, NULL, TIMESTAMPTZ '2026-06-29 00:00:00+00', TIMESTAMPTZ '2026-06-29 00:00:00+00'),
  ('1fe71b6e-31e7-5d61-81db-f91da2bf58dd', 'MED-030', 'Gorro de enfermera', 'medical_supplies', 'und', '{"sourceCode":"INS-130"}'::jsonb, NULL, TIMESTAMPTZ '2026-06-29 00:00:00+00', TIMESTAMPTZ '2026-06-29 00:00:00+00'),
  ('3f11db5f-059b-522a-b737-5096d69d30e1', 'MED-031', 'Cubrebotas', 'medical_supplies', 'und', '{"sourceCode":"INS-131"}'::jsonb, NULL, TIMESTAMPTZ '2026-06-29 00:00:00+00', TIMESTAMPTZ '2026-06-29 00:00:00+00'),
  ('31d8eb64-90b9-543b-bb7f-9aa4ebefb2a9', 'MED-032', 'Pañales / absorbentes hospitalarios', 'medical_supplies', 'und', '{"sourceCode":"INS-132","registrationNotes":"Anotar talla en Obs"}'::jsonb, NULL, TIMESTAMPTZ '2026-06-29 00:00:00+00', TIMESTAMPTZ '2026-06-29 00:00:00+00'),
  ('3a51e460-d80c-5309-9be9-6964f5df1d40', 'MED-033', 'Centro de cama', 'medical_supplies', 'und', '{"sourceCode":"INS-133","registrationNotes":"Absorbente hospitalario de cama"}'::jsonb, NULL, TIMESTAMPTZ '2026-06-29 00:00:00+00', TIMESTAMPTZ '2026-06-29 00:00:00+00'),
  ('14878496-9771-59f0-85dc-468bde0e06c0', 'MED-034', 'Guantes de látex (caja)', 'medical_supplies', 'und', '{"sourceCode":"INS-134","registrationNotes":"Anotar talla en Obs"}'::jsonb, NULL, TIMESTAMPTZ '2026-06-29 00:00:00+00', TIMESTAMPTZ '2026-06-29 00:00:00+00'),
  ('ebb6581f-4cc3-59f5-978d-9be3aaebff79', 'MED-035', 'Guantes de nitrilo (caja)', 'medical_supplies', 'und', '{"sourceCode":"INS-135","registrationNotes":"Anotar talla en Obs"}'::jsonb, NULL, TIMESTAMPTZ '2026-06-29 00:00:00+00', TIMESTAMPTZ '2026-06-29 00:00:00+00'),
  ('4b7de4a6-513b-5a55-8a62-233d05feed55', 'MED-036', 'Guantes de vinilo', 'medical_supplies', 'und', '{"sourceCode":"INS-136","registrationNotes":"Anotar talla en Obs"}'::jsonb, NULL, TIMESTAMPTZ '2026-06-29 00:00:00+00', TIMESTAMPTZ '2026-06-29 00:00:00+00'),
  ('622e951b-00de-5483-bf83-690921cbf157', 'MED-037', 'Mascarillas quirúrgicas (caja)', 'medical_supplies', 'und', '{"sourceCode":"INS-137"}'::jsonb, NULL, TIMESTAMPTZ '2026-06-29 00:00:00+00', TIMESTAMPTZ '2026-06-29 00:00:00+00'),
  ('cd0e7fc0-15ce-5410-a199-6858c8227da7', 'MED-038', 'Mascarillas N95', 'medical_supplies', 'und', '{"sourceCode":"INS-138"}'::jsonb, NULL, TIMESTAMPTZ '2026-06-29 00:00:00+00', TIMESTAMPTZ '2026-06-29 00:00:00+00'),
  ('f7eb7cdc-9031-554b-8cbd-fa8ca5f6fb61', 'MED-039', 'Tapabocas de tela', 'medical_supplies', 'und', '{"sourceCode":"INS-139"}'::jsonb, NULL, TIMESTAMPTZ '2026-06-29 00:00:00+00', TIMESTAMPTZ '2026-06-29 00:00:00+00'),
  ('cdf43997-df15-550c-8939-8636a697a925', 'MED-040', 'Catéter IV / bránula', 'medical_supplies', 'und', '{"sourceCode":"INS-140","registrationNotes":"Anotar calibre en Obs"}'::jsonb, NULL, TIMESTAMPTZ '2026-06-29 00:00:00+00', TIMESTAMPTZ '2026-06-29 00:00:00+00'),
  ('9e78dde2-7e5b-5928-ae97-698589c1fa59', 'MED-041', 'Jeringas desechables', 'medical_supplies', 'und', '{"sourceCode":"INS-141","registrationNotes":"Anotar capacidad (ml) en Obs"}'::jsonb, NULL, TIMESTAMPTZ '2026-06-29 00:00:00+00', TIMESTAMPTZ '2026-06-29 00:00:00+00'),
  ('1c1393c2-0d81-5465-8cef-5a473c4c0cb1', 'MED-042', 'Agujas hipodérmicas', 'medical_supplies', 'und', '{"sourceCode":"INS-142"}'::jsonb, NULL, TIMESTAMPTZ '2026-06-29 00:00:00+00', TIMESTAMPTZ '2026-06-29 00:00:00+00'),
  ('b26424cf-663c-50e1-81da-7cc5832faee7', 'MED-043', 'Agujas hipodérmicas pediátricas', 'medical_supplies', 'und', '{"sourceCode":"INS-143","registrationNotes":"Incluye mariposas"}'::jsonb, NULL, TIMESTAMPTZ '2026-06-29 00:00:00+00', TIMESTAMPTZ '2026-06-29 00:00:00+00'),
  ('5cdab126-bc40-5198-b3a8-c17b02dc1e9d', 'MED-044', 'Macrogoteros', 'medical_supplies', 'und', '{"sourceCode":"INS-144"}'::jsonb, NULL, TIMESTAMPTZ '2026-06-29 00:00:00+00', TIMESTAMPTZ '2026-06-29 00:00:00+00'),
  ('64bacb5b-6e75-54df-bb86-2eda4e79626c', 'MED-045', 'Microgotero', 'medical_supplies', 'und', '{"sourceCode":"INS-145"}'::jsonb, NULL, TIMESTAMPTZ '2026-06-29 00:00:00+00', TIMESTAMPTZ '2026-06-29 00:00:00+00'),
  ('6e1dc832-7fb3-57d3-9e89-0b86178920d6', 'MED-046', 'Bajantes / equipos de venoclisis', 'medical_supplies', 'und', '{"sourceCode":"INS-146"}'::jsonb, NULL, TIMESTAMPTZ '2026-06-29 00:00:00+00', TIMESTAMPTZ '2026-06-29 00:00:00+00'),
  ('cf6a88f4-810a-5a5a-bfe3-1937e51d05bb', 'MED-047', 'Equipo pericraneal', 'medical_supplies', 'und', '{"sourceCode":"INS-147","registrationNotes":"Anotar calibre (21G/23G) en Obs"}'::jsonb, NULL, TIMESTAMPTZ '2026-06-29 00:00:00+00', TIMESTAMPTZ '2026-06-29 00:00:00+00'),
  ('21b8d037-eaaf-5b7d-983b-da57c3f7c6ca', 'MED-048', 'Set de transfusión', 'medical_supplies', 'und', '{"sourceCode":"INS-148"}'::jsonb, NULL, TIMESTAMPTZ '2026-06-29 00:00:00+00', TIMESTAMPTZ '2026-06-29 00:00:00+00'),
  ('8776a9ae-fe4e-50ce-9e62-5e69418349fe', 'MED-049', 'Llave de 3 vías', 'medical_supplies', 'und', '{"sourceCode":"INS-149"}'::jsonb, NULL, TIMESTAMPTZ '2026-06-29 00:00:00+00', TIMESTAMPTZ '2026-06-29 00:00:00+00'),
  ('c45f84ca-9c2b-554f-9c0f-7448427024f3', 'MED-050', 'Llave de 5 vías', 'medical_supplies', 'und', '{"sourceCode":"INS-150"}'::jsonb, NULL, TIMESTAMPTZ '2026-06-29 00:00:00+00', TIMESTAMPTZ '2026-06-29 00:00:00+00'),
  ('2f159263-bfca-5589-89a1-df5dae7b5278', 'MED-051', 'Tapaheparina', 'medical_supplies', 'und', '{"sourceCode":"INS-151"}'::jsonb, NULL, TIMESTAMPTZ '2026-06-29 00:00:00+00', TIMESTAMPTZ '2026-06-29 00:00:00+00'),
  ('ca4206a4-2c24-5f9f-9f76-69144a1af0d1', 'MED-052', 'Obturador', 'medical_supplies', 'und', '{"sourceCode":"INS-152"}'::jsonb, NULL, TIMESTAMPTZ '2026-06-29 00:00:00+00', TIMESTAMPTZ '2026-06-29 00:00:00+00'),
  ('b84240ba-9aa3-5d0e-834b-c51b03b70501', 'EXT-001', 'Pala', 'tools', 'und', '{"sourceCode":"INS-153"}'::jsonb, NULL, TIMESTAMPTZ '2026-06-29 00:00:00+00', TIMESTAMPTZ '2026-06-29 00:00:00+00'),
  ('486ec855-7cfa-57ce-b11a-bc7b6c6262b3', 'EXT-002', 'Pico / picota', 'tools', 'und', '{"sourceCode":"INS-154"}'::jsonb, NULL, TIMESTAMPTZ '2026-06-29 00:00:00+00', TIMESTAMPTZ '2026-06-29 00:00:00+00'),
  ('397bc6b5-1201-508d-a1ae-e57d1f81e081', 'EXT-003', 'Barreta de acero', 'tools', 'und', '{"sourceCode":"INS-155"}'::jsonb, NULL, TIMESTAMPTZ '2026-06-29 00:00:00+00', TIMESTAMPTZ '2026-06-29 00:00:00+00'),
  ('3c6284d4-02ed-5971-b76f-aa3c827d0652', 'EXT-004', 'Mazo / combo', 'tools', 'und', '{"sourceCode":"INS-156"}'::jsonb, NULL, TIMESTAMPTZ '2026-06-29 00:00:00+00', TIMESTAMPTZ '2026-06-29 00:00:00+00'),
  ('e5b56b11-e270-559c-9070-2bac6e368605', 'EXT-005', 'Martillo', 'tools', 'und', '{"sourceCode":"INS-157","registrationNotes":"Incluye mandarrias — anotar en Obs"}'::jsonb, NULL, TIMESTAMPTZ '2026-06-29 00:00:00+00', TIMESTAMPTZ '2026-06-29 00:00:00+00'),
  ('2417be3e-8564-5239-96f3-17a1209b225c', 'EXT-006', 'Hacha', 'tools', 'und', '{"sourceCode":"INS-158"}'::jsonb, NULL, TIMESTAMPTZ '2026-06-29 00:00:00+00', TIMESTAMPTZ '2026-06-29 00:00:00+00'),
  ('2ccf051e-dcda-5d8e-92cf-18f633fc66e8', 'EXT-007', 'Sierra manual', 'tools', 'und', '{"sourceCode":"INS-159"}'::jsonb, NULL, TIMESTAMPTZ '2026-06-29 00:00:00+00', TIMESTAMPTZ '2026-06-29 00:00:00+00'),
  ('faa5f87d-ee9d-5e34-92b6-2d68895e7596', 'EXT-008', 'Cizalla / cizaña de corte', 'tools', 'und', '{"sourceCode":"INS-160"}'::jsonb, NULL, TIMESTAMPTZ '2026-06-29 00:00:00+00', TIMESTAMPTZ '2026-06-29 00:00:00+00'),
  ('270ff574-5dc5-5cba-9592-d24e245e409e', 'EXT-009', 'Esmeril angular', 'tools', 'und', '{"sourceCode":"INS-161"}'::jsonb, NULL, TIMESTAMPTZ '2026-06-29 00:00:00+00', TIMESTAMPTZ '2026-06-29 00:00:00+00'),
  ('ed78fcae-d342-5507-9478-01e7d99b112b', 'EXT-010', 'Discos de esmeril', 'tools', 'und', '{"sourceCode":"INS-162","registrationNotes":"Anotar medida en Obs"}'::jsonb, NULL, TIMESTAMPTZ '2026-06-29 00:00:00+00', TIMESTAMPTZ '2026-06-29 00:00:00+00'),
  ('3675d0e1-2ca6-54ae-8baf-6ce95ea60b93', 'EXT-011', 'Palanca / barra de rescate', 'tools', 'und', '{"sourceCode":"INS-163"}'::jsonb, NULL, TIMESTAMPTZ '2026-06-29 00:00:00+00', TIMESTAMPTZ '2026-06-29 00:00:00+00'),
  ('a7febe79-98ac-5c36-928e-6ffb285fb7c0', 'EXT-012', 'Tobos', 'tools', 'und', '{"sourceCode":"INS-164","registrationNotes":"Anotar capacidad en Obs"}'::jsonb, NULL, TIMESTAMPTZ '2026-06-29 00:00:00+00', TIMESTAMPTZ '2026-06-29 00:00:00+00'),
  ('d532e4eb-a03a-5301-8d5e-611ffe2aa732', 'EXT-013', 'Cuerda de seguridad (metro)', 'tools', 'und', '{"sourceCode":"INS-165"}'::jsonb, NULL, TIMESTAMPTZ '2026-06-29 00:00:00+00', TIMESTAMPTZ '2026-06-29 00:00:00+00'),
  ('81e271a6-94e0-584e-b123-1027fcc25d66', 'EXT-014', 'Cuerda de manila (metro)', 'tools', 'und', '{"sourceCode":"INS-166"}'::jsonb, NULL, TIMESTAMPTZ '2026-06-29 00:00:00+00', TIMESTAMPTZ '2026-06-29 00:00:00+00'),
  ('2323a765-59ab-5978-81a1-ca092d3ff5f9', 'EXT-015', 'Manguera (metro)', 'tools', 'und', '{"sourceCode":"INS-167"}'::jsonb, NULL, TIMESTAMPTZ '2026-06-29 00:00:00+00', TIMESTAMPTZ '2026-06-29 00:00:00+00'),
  ('b5d49733-52cc-58e9-9a28-be9b0a22fb45', 'EXT-016', 'Arnés de seguridad', 'tools', 'und', '{"sourceCode":"INS-168"}'::jsonb, NULL, TIMESTAMPTZ '2026-06-29 00:00:00+00', TIMESTAMPTZ '2026-06-29 00:00:00+00'),
  ('116f32cb-dc91-5385-9e20-a52e4623b8a5', 'EXT-017', 'Casco de seguridad', 'tools', 'und', '{"sourceCode":"INS-169"}'::jsonb, NULL, TIMESTAMPTZ '2026-06-29 00:00:00+00', TIMESTAMPTZ '2026-06-29 00:00:00+00'),
  ('82f03e4b-4df8-5954-af02-6ff4fffc48ac', 'EXT-018', 'Guantes de protección (par)', 'tools', 'und', '{"sourceCode":"INS-170"}'::jsonb, NULL, TIMESTAMPTZ '2026-06-29 00:00:00+00', TIMESTAMPTZ '2026-06-29 00:00:00+00'),
  ('3b28585f-7674-57bf-8057-ffadcf359760', 'EXT-019', 'Botas de seguridad (par)', 'tools', 'und', '{"sourceCode":"INS-171","registrationNotes":"Anotar talla en Obs"}'::jsonb, NULL, TIMESTAMPTZ '2026-06-29 00:00:00+00', TIMESTAMPTZ '2026-06-29 00:00:00+00'),
  ('5ac4dd19-06af-58ab-957c-8b0c7cfd429f', 'EXT-020', 'Gafas de protección', 'tools', 'und', '{"sourceCode":"INS-172"}'::jsonb, NULL, TIMESTAMPTZ '2026-06-29 00:00:00+00', TIMESTAMPTZ '2026-06-29 00:00:00+00'),
  ('b1375d76-adb1-55af-b4dc-57810e61a24c', 'EXT-021', 'Lentes de seguridad', 'tools', 'und', '{"sourceCode":"INS-173"}'::jsonb, NULL, TIMESTAMPTZ '2026-06-29 00:00:00+00', TIMESTAMPTZ '2026-06-29 00:00:00+00'),
  ('17028228-d48d-5da6-88eb-962d8ac8cc4a', 'EXT-022', 'Mascarilla anti-polvo / respirador', 'tools', 'und', '{"sourceCode":"INS-174"}'::jsonb, NULL, TIMESTAMPTZ '2026-06-29 00:00:00+00', TIMESTAMPTZ '2026-06-29 00:00:00+00'),
  ('a161dcd8-f3dc-5d7d-84b9-58997bc385da', 'EXT-023', 'Cinta de seguridad', 'tools', 'und', '{"sourceCode":"INS-175"}'::jsonb, NULL, TIMESTAMPTZ '2026-06-29 00:00:00+00', TIMESTAMPTZ '2026-06-29 00:00:00+00'),
  ('a692e9f4-003a-5a22-8ff6-87b3d436a746', 'EXT-024', 'Linterna frontal', 'tools', 'und', '{"sourceCode":"INS-176"}'::jsonb, NULL, TIMESTAMPTZ '2026-06-29 00:00:00+00', TIMESTAMPTZ '2026-06-29 00:00:00+00'),
  ('baa66b46-5a56-51d3-b5bb-56e3506ede93', 'EXT-025', 'Linterna de mano', 'tools', 'und', '{"sourceCode":"INS-177"}'::jsonb, NULL, TIMESTAMPTZ '2026-06-29 00:00:00+00', TIMESTAMPTZ '2026-06-29 00:00:00+00'),
  ('e8f96ffb-ea84-5e9f-9a1d-93511e37d2f6', 'EXT-026', 'Pilas AA (par)', 'tools', 'und', '{"sourceCode":"INS-178"}'::jsonb, NULL, TIMESTAMPTZ '2026-06-29 00:00:00+00', TIMESTAMPTZ '2026-06-29 00:00:00+00'),
  ('d75e5460-4d40-5a4f-9d6b-f171ebfee776', 'EXT-027', 'Pilas AAA (par)', 'tools', 'und', '{"sourceCode":"INS-179"}'::jsonb, NULL, TIMESTAMPTZ '2026-06-29 00:00:00+00', TIMESTAMPTZ '2026-06-29 00:00:00+00'),
  ('b4d24a0d-ec73-5c7b-9f9d-cb4d26dd5be4', 'EXT-028', 'Pilas por voltaje', 'tools', 'und', '{"sourceCode":"INS-180","registrationNotes":"Anotar voltaje (D/C/9V) en Obs"}'::jsonb, NULL, TIMESTAMPTZ '2026-06-29 00:00:00+00', TIMESTAMPTZ '2026-06-29 00:00:00+00'),
  ('3a544246-efae-55e0-8828-1d595dfeea57', 'EXT-029', 'Sacos de propileno', 'tools', 'und', '{"sourceCode":"INS-181"}'::jsonb, NULL, TIMESTAMPTZ '2026-06-29 00:00:00+00', TIMESTAMPTZ '2026-06-29 00:00:00+00'),
  ('76d69c45-94d7-53e0-9f3b-ce2060542d49', 'EXT-030', 'Machetes', 'tools', 'und', '{"sourceCode":"INS-182"}'::jsonb, NULL, TIMESTAMPTZ '2026-06-29 00:00:00+00', TIMESTAMPTZ '2026-06-29 00:00:00+00'),
  ('f2a819f6-7ded-56b6-a317-4743d106f32b', 'EXT-031', 'Cinceles', 'tools', 'und', '{"sourceCode":"INS-183"}'::jsonb, NULL, TIMESTAMPTZ '2026-06-29 00:00:00+00', TIMESTAMPTZ '2026-06-29 00:00:00+00'),
  ('58130aed-52ff-59a4-a98b-aef40aac30ed', 'EXT-032', 'Bombillos', 'tools', 'und', '{"sourceCode":"INS-184","registrationNotes":"Anotar tipo en Obs"}'::jsonb, NULL, TIMESTAMPTZ '2026-06-29 00:00:00+00', TIMESTAMPTZ '2026-06-29 00:00:00+00'),
  ('d5a4386a-5b55-5b53-9cb4-83f8b9803f87', 'OTR-001', 'Perrarina (alimento seco para perros)', 'other', 'und', '{"sourceCode":"INS-185","registrationNotes":"Anotar peso del paquete en Obs"}'::jsonb, NULL, TIMESTAMPTZ '2026-06-29 00:00:00+00', TIMESTAMPTZ '2026-06-29 00:00:00+00'),
  ('69fedc26-a145-5fb6-a7f6-13a7aaf4ef87', 'OTR-002', 'Comida húmeda para perros', 'other', 'und', '{"sourceCode":"INS-186"}'::jsonb, NULL, TIMESTAMPTZ '2026-06-29 00:00:00+00', TIMESTAMPTZ '2026-06-29 00:00:00+00'),
  ('b44d42a8-5d38-5e4b-9dbc-88675c0a9584', 'OTR-003', 'Gatarina (alimento seco para gatos)', 'other', 'und', '{"sourceCode":"INS-187","registrationNotes":"Anotar peso del paquete en Obs"}'::jsonb, NULL, TIMESTAMPTZ '2026-06-29 00:00:00+00', TIMESTAMPTZ '2026-06-29 00:00:00+00'),
  ('4cad1a94-266f-5c1a-bfed-8173c3110746', 'OTR-004', 'Comida húmeda para gatos', 'other', 'und', '{"sourceCode":"INS-188"}'::jsonb, NULL, TIMESTAMPTZ '2026-06-29 00:00:00+00', TIMESTAMPTZ '2026-06-29 00:00:00+00'),
  ('c2ba6b64-30fd-54e8-b6e0-76397b1216bd', 'OTR-005', 'Medicina veterinaria (varios)', 'other', 'und', '{"sourceCode":"INS-189","registrationNotes":"Anotar nombre del medicamento en Obs"}'::jsonb, NULL, TIMESTAMPTZ '2026-06-29 00:00:00+00', TIMESTAMPTZ '2026-06-29 00:00:00+00'),
  ('1f9649a0-2b74-5e60-92b9-bc40bacd4d8f', 'OTR-006', 'Colchón individual', 'other', 'und', '{"sourceCode":"INS-190","registrationNotes":"Anotar si es inflable en Obs"}'::jsonb, NULL, TIMESTAMPTZ '2026-06-29 00:00:00+00', TIMESTAMPTZ '2026-06-29 00:00:00+00'),
  ('24065ef7-50f5-5c88-9e43-20b265a5fd04', 'OTR-007', 'Colchoneta de dormir', 'other', 'und', '{"sourceCode":"INS-191"}'::jsonb, NULL, TIMESTAMPTZ '2026-06-29 00:00:00+00', TIMESTAMPTZ '2026-06-29 00:00:00+00'),
  ('ec8986c5-79ea-5f3d-a495-07a6ce7affd2', 'OTR-008', 'Almohada', 'other', 'und', '{"sourceCode":"INS-192"}'::jsonb, NULL, TIMESTAMPTZ '2026-06-29 00:00:00+00', TIMESTAMPTZ '2026-06-29 00:00:00+00'),
  ('1ad9073b-b1d2-5727-91f5-94afb02162fd', 'OTR-009', 'Cobija / frazada', 'other', 'und', '{"sourceCode":"INS-193"}'::jsonb, NULL, TIMESTAMPTZ '2026-06-29 00:00:00+00', TIMESTAMPTZ '2026-06-29 00:00:00+00'),
  ('f20f549c-f517-571f-b925-8fad8b33d74d', 'OTR-010', 'Sábana individual', 'other', 'und', '{"sourceCode":"INS-194"}'::jsonb, NULL, TIMESTAMPTZ '2026-06-29 00:00:00+00', TIMESTAMPTZ '2026-06-29 00:00:00+00'),
  ('dcb5fbd9-5652-5cca-ac52-aa88e31bdcf1', 'OTR-011', 'Sábana doble', 'other', 'und', '{"sourceCode":"INS-195"}'::jsonb, NULL, TIMESTAMPTZ '2026-06-29 00:00:00+00', TIMESTAMPTZ '2026-06-29 00:00:00+00'),
  ('c448b556-245a-5aa4-a3e5-e32f37333575', 'OTR-012', 'Hamaca', 'other', 'und', '{"sourceCode":"INS-196"}'::jsonb, NULL, TIMESTAMPTZ '2026-06-29 00:00:00+00', TIMESTAMPTZ '2026-06-29 00:00:00+00'),
  ('20accbd2-f7f2-54b3-97ba-129d5d6570b0', 'OTR-013', 'Toldo / carpa', 'other', 'und', '{"sourceCode":"INS-197","registrationNotes":"Anotar tipo en Obs"}'::jsonb, NULL, TIMESTAMPTZ '2026-06-29 00:00:00+00', TIMESTAMPTZ '2026-06-29 00:00:00+00'),
  ('c054f77b-74cf-5391-a31a-5b019d68303a', 'OTR-014', 'Cuna', 'other', 'und', '{"sourceCode":"INS-198"}'::jsonb, NULL, TIMESTAMPTZ '2026-06-29 00:00:00+00', TIMESTAMPTZ '2026-06-29 00:00:00+00'),
  ('b8ae8226-f67d-5cf4-b665-5a4aed326cb7', 'OTR-015', 'Kits sillas y mesas', 'other', 'und', '{"sourceCode":"INS-199","registrationNotes":"Anotar cantidad de piezas en Obs"}'::jsonb, NULL, TIMESTAMPTZ '2026-06-29 00:00:00+00', TIMESTAMPTZ '2026-06-29 00:00:00+00'),
  ('221df7aa-f5c0-5677-9ffd-c1ce331afcf1', 'OTR-016', 'Envases plásticos', 'other', 'und', '{"sourceCode":"INS-200"}'::jsonb, NULL, TIMESTAMPTZ '2026-06-29 00:00:00+00', TIMESTAMPTZ '2026-06-29 00:00:00+00'),
  ('ddffd841-4b8e-5f20-afa3-3e8802ea9542', 'OTR-017', 'Vasos (juego)', 'other', 'und', '{"sourceCode":"INS-201","registrationNotes":"Anotar capacidad en Obs"}'::jsonb, NULL, TIMESTAMPTZ '2026-06-29 00:00:00+00', TIMESTAMPTZ '2026-06-29 00:00:00+00'),
  ('a42fe1de-1562-5a20-b246-b702efedf23e', 'OTR-018', 'Platos (juego)', 'other', 'und', '{"sourceCode":"INS-202"}'::jsonb, NULL, TIMESTAMPTZ '2026-06-29 00:00:00+00', TIMESTAMPTZ '2026-06-29 00:00:00+00'),
  ('ec86f6d4-2ef1-539b-bd49-5537a42907f5', 'OTR-019', 'Cubiertos (juego)', 'other', 'und', '{"sourceCode":"INS-203"}'::jsonb, NULL, TIMESTAMPTZ '2026-06-29 00:00:00+00', TIMESTAMPTZ '2026-06-29 00:00:00+00'),
  ('e1a86c79-9dcb-5c50-818a-3989edc51808', 'OTR-020', 'Termo / cantimplora', 'other', 'und', '{"sourceCode":"INS-204"}'::jsonb, NULL, TIMESTAMPTZ '2026-06-29 00:00:00+00', TIMESTAMPTZ '2026-06-29 00:00:00+00'),
  ('b77a76ea-addc-5d21-89e9-774c605e4f4a', 'OTR-021', 'Velas', 'other', 'und', '{"sourceCode":"INS-205"}'::jsonb, NULL, TIMESTAMPTZ '2026-06-29 00:00:00+00', TIMESTAMPTZ '2026-06-29 00:00:00+00'),
  ('5ef930dd-9ef9-5748-b7d9-223d899d5e77', 'OTR-022', 'Lámpara recargable', 'other', 'und', '{"sourceCode":"INS-206"}'::jsonb, NULL, TIMESTAMPTZ '2026-06-29 00:00:00+00', TIMESTAMPTZ '2026-06-29 00:00:00+00'),
  ('dc12cd8c-a188-5845-b712-ba5d91d5630b', 'OTR-023', 'Papeleras', 'other', 'und', '{"sourceCode":"INS-207"}'::jsonb, NULL, TIMESTAMPTZ '2026-06-29 00:00:00+00', TIMESTAMPTZ '2026-06-29 00:00:00+00'),
  ('42e0ed19-758c-545c-8d9a-4109fa3aefef', 'OTR-024', 'Guantes de limpieza', 'other', 'und', '{"sourceCode":"INS-208"}'::jsonb, NULL, TIMESTAMPTZ '2026-06-29 00:00:00+00', TIMESTAMPTZ '2026-06-29 00:00:00+00'),
  ('4e25d672-64fb-5bf1-a014-e5ad04c858fd', 'OTR-025', 'Cloro (uso doméstico)', 'other', 'und', '{"sourceCode":"INS-209","registrationNotes":"Distinto del cloro de purificación de agua"}'::jsonb, NULL, TIMESTAMPTZ '2026-06-29 00:00:00+00', TIMESTAMPTZ '2026-06-29 00:00:00+00'),
  ('b6c3a8f4-ef51-52dd-b60e-c4d85c9dec74', 'OTR-026', 'Útiles escolares (kit)', 'other', 'und', '{"sourceCode":"INS-210","registrationNotes":"Anotar contenido en Obs"}'::jsonb, NULL, TIMESTAMPTZ '2026-06-29 00:00:00+00', TIMESTAMPTZ '2026-06-29 00:00:00+00'),
  ('94e0348e-7b09-5213-8c73-4efb9573b551', 'MED-053', 'Equipos de Acceso Vascular', 'medical_supplies', 'und', '{"sourceCode":"INS-211","registrationNotes":"Término del BUSCADOR sin fila propia en MAESTRA; agrupa las variantes de acceso vascular.","source":"BUSCADOR"}'::jsonb, NULL, TIMESTAMPTZ '2026-06-29 00:00:00+00', TIMESTAMPTZ '2026-06-29 00:00:00+00')
ON CONFLICT (code) DO UPDATE SET
  name = EXCLUDED.name,
  category_slug = EXCLUDED.category_slug,
  default_unit = EXCLUDED.default_unit,
  attributes = EXCLUDED.attributes,
  variant_of_id = EXCLUDED.variant_of_id,
  updated_at = EXCLUDED.updated_at;
--> statement-breakpoint

INSERT INTO supply_aliases (alias_norm, supply_id) VALUES
  ('acetaminofen', '10ca8945-27f0-56cb-9c40-1041d5b12b67'),
  ('acettaminofen', '10ca8945-27f0-56cb-9c40-1041d5b12b67'),
  ('acido acetilsalicilico', '10ca8945-27f0-56cb-9c40-1041d5b12b67'),
  ('acido folico', '0d6dc042-94ec-502a-bc2f-fb177d039508'),
  ('adalat', '4a7266a8-4cae-5a5c-a388-4d81eaff8b3d'),
  ('advil', '10ca8945-27f0-56cb-9c40-1041d5b12b67'),
  ('aerius', '28cfe56d-090e-5dc5-b4a9-643d129f3444'),
  ('aerogastrol', '57e48bec-9739-50fd-b23f-fd85317b518c'),
  ('aflamax', '1a4b5ce0-3fec-5f14-9542-2f71db762fb6'),
  ('agua destilada', '3415ee70-07f8-5739-91fa-59f911ebcbf2'),
  ('agua oxigenada', '8591401a-2b6a-51b4-88da-8c403e4cddd3'),
  ('agujas', '94e0348e-7b09-5213-8c73-4efb9573b551'),
  ('alcohol 70', 'e9d183ad-6484-559b-af12-2536e96571b9'),
  ('alcohol 96', 'e9d183ad-6484-559b-af12-2536e96571b9'),
  ('alcohol absoluto', 'e9d183ad-6484-559b-af12-2536e96571b9'),
  ('alcohol antiseptico 70', 'e9d183ad-6484-559b-af12-2536e96571b9'),
  ('alcohol antiseptico 96', 'e9d183ad-6484-559b-af12-2536e96571b9'),
  ('alcohol en gel', 'e9d183ad-6484-559b-af12-2536e96571b9'),
  ('aless', '28cfe56d-090e-5dc5-b4a9-643d129f3444'),
  ('alflorex', '1b1d7ca4-ccd9-573b-ae5f-ed6459ab1698'),
  ('algodon', 'b134436f-868c-5b6b-a53b-312f8e590954'),
  ('alka seltzer', '1b1d7ca4-ccd9-573b-ae5f-ed6459ab1698'),
  ('alprazolam', '9fd09d73-e2f5-5a2f-bfe4-ee6da26cb452'),
  ('amanty', '10ca8945-27f0-56cb-9c40-1041d5b12b67'),
  ('ambroxol', '85c4414b-6947-5491-95bf-2b8debd409c2'),
  ('amikacina', '4ae90a8e-0f3e-56f1-a69a-c9ba7b774f00'),
  ('amitriptilina', '9fd09d73-e2f5-5a2f-bfe4-ee6da26cb452'),
  ('amlodipina', '4a7266a8-4cae-5a5c-a388-4d81eaff8b3d'),
  ('amoxicilina', '92bc03a9-9fa1-555d-92a3-ee182dd15b4c'),
  ('amoxicilina con acido clavulanico', '92bc03a9-9fa1-555d-92a3-ee182dd15b4c'),
  ('amoxil', '92bc03a9-9fa1-555d-92a3-ee182dd15b4c'),
  ('ampicilina', '92bc03a9-9fa1-555d-92a3-ee182dd15b4c'),
  ('analgesico topico', '1a4b5ce0-3fec-5f14-9542-2f71db762fb6'),
  ('antialergico sin identificar', '28cfe56d-090e-5dc5-b4a9-643d129f3444'),
  ('apiret', '10ca8945-27f0-56cb-9c40-1041d5b12b67'),
  ('apronax', '10ca8945-27f0-56cb-9c40-1041d5b12b67'),
  ('aposito', 'b134436f-868c-5b6b-a53b-312f8e590954'),
  ('arepitant', '12d1cb5b-8d13-5b3a-a36d-640b1acae506'),
  ('arnica gel', '1a4b5ce0-3fec-5f14-9542-2f71db762fb6'),
  ('aspirin', '10ca8945-27f0-56cb-9c40-1041d5b12b67'),
  ('aspirina', '10ca8945-27f0-56cb-9c40-1041d5b12b67'),
  ('atenolol', 'af50da38-7979-5564-bbc4-edcdde6304a5'),
  ('atorvastatina', 'af50da38-7979-5564-bbc4-edcdde6304a5'),
  ('atrovent', '85c4414b-6947-5491-95bf-2b8debd409c2'),
  ('augmentin', '92bc03a9-9fa1-555d-92a3-ee182dd15b4c'),
  ('azitromicina', '8edc2906-5990-57c4-bf60-9511ab089d43'),
  ('bacitracina', '8b48bd1a-8922-5835-97d8-276e240fd38f'),
  ('bajalenguas', '55eddac3-01b5-5084-ad41-83e6867d7940'),
  ('bajante', '94e0348e-7b09-5213-8c73-4efb9573b551'),
  ('bancomicina', '4ae90a8e-0f3e-56f1-a69a-c9ba7b774f00'),
  ('banditas', 'b134436f-868c-5b6b-a53b-312f8e590954'),
  ('bastones', 'b4e03643-b194-50f9-bd75-1861307f6fbf'),
  ('benadryl', '28cfe56d-090e-5dc5-b4a9-643d129f3444'),
  ('benucomplex', '0d6dc042-94ec-502a-bc2f-fb177d039508'),
  ('benznidazol', '8b48bd1a-8922-5835-97d8-276e240fd38f'),
  ('benzonidasol', '8b48bd1a-8922-5835-97d8-276e240fd38f'),
  ('betahistina', '4a7266a8-4cae-5a5c-a388-4d81eaff8b3d'),
  ('betametasona', '07e68ab0-9e31-5dc1-a56f-efb9c808d46a'),
  ('bexametasona', '07e68ab0-9e31-5dc1-a56f-efb9c808d46a'),
  ('bioscrub', 'e9d183ad-6484-559b-af12-2536e96571b9'),
  ('biotranex', 'af50da38-7979-5564-bbc4-edcdde6304a5'),
  ('bisolvon', '85c4414b-6947-5491-95bf-2b8debd409c2'),
  ('bisoprolol', 'af50da38-7979-5564-bbc4-edcdde6304a5'),
  ('bisturi', '0f82890d-ce48-5704-888a-a868ba3353f6'),
  ('bodecort', '85c4414b-6947-5491-95bf-2b8debd409c2'),
  ('bolsa de orina', '0f82890d-ce48-5704-888a-a868ba3353f6'),
  ('branula', '94e0348e-7b09-5213-8c73-4efb9573b551'),
  ('briutcare', '4ae90a8e-0f3e-56f1-a69a-c9ba7b774f00'),
  ('brometo de ipratropio', '85c4414b-6947-5491-95bf-2b8debd409c2'),
  ('bromexina', '85c4414b-6947-5491-95bf-2b8debd409c2'),
  ('budecort', '85c4414b-6947-5491-95bf-2b8debd409c2'),
  ('budesonida', '85c4414b-6947-5491-95bf-2b8debd409c2'),
  ('bureta', '94e0348e-7b09-5213-8c73-4efb9573b551'),
  ('butal', '10ca8945-27f0-56cb-9c40-1041d5b12b67'),
  ('calcio', '0d6dc042-94ec-502a-bc2f-fb177d039508'),
  ('calcionil', '0d6dc042-94ec-502a-bc2f-fb177d039508'),
  ('calcort', '07e68ab0-9e31-5dc1-a56f-efb9c808d46a'),
  ('caloxprina', '10ca8945-27f0-56cb-9c40-1041d5b12b67'),
  ('camilla', 'b4e03643-b194-50f9-bd75-1861307f6fbf'),
  ('candesartan', '4a7266a8-4cae-5a5c-a388-4d81eaff8b3d'),
  ('canesten', '8b48bd1a-8922-5835-97d8-276e240fd38f'),
  ('canula nasal', '85c2932e-b93b-59b3-8678-49a10d5edbd1'),
  ('capoten', '4a7266a8-4cae-5a5c-a388-4d81eaff8b3d'),
  ('captopril', '4a7266a8-4cae-5a5c-a388-4d81eaff8b3d'),
  ('cardevilol', 'af50da38-7979-5564-bbc4-edcdde6304a5'),
  ('carvedilol', 'af50da38-7979-5564-bbc4-edcdde6304a5'),
  ('cateter iv', '94e0348e-7b09-5213-8c73-4efb9573b551'),
  ('cefadroxilo', '92bc03a9-9fa1-555d-92a3-ee182dd15b4c'),
  ('cefalexina', '92bc03a9-9fa1-555d-92a3-ee182dd15b4c'),
  ('cefixima', '92bc03a9-9fa1-555d-92a3-ee182dd15b4c'),
  ('ceftazidima', '4ae90a8e-0f3e-56f1-a69a-c9ba7b774f00'),
  ('ceftraxona', '4ae90a8e-0f3e-56f1-a69a-c9ba7b774f00'),
  ('ceftriaxona', '4ae90a8e-0f3e-56f1-a69a-c9ba7b774f00'),
  ('celestone', '07e68ab0-9e31-5dc1-a56f-efb9c808d46a'),
  ('centro de cama', '3a51e460-d80c-5309-9be9-6964f5df1d40'),
  ('cepillo quirurgico', '0f82890d-ce48-5704-888a-a868ba3353f6'),
  ('cetirizina', '28cfe56d-090e-5dc5-b4a9-643d129f3444'),
  ('cetriaxona', '4ae90a8e-0f3e-56f1-a69a-c9ba7b774f00'),
  ('ciclokan', 'af50da38-7979-5564-bbc4-edcdde6304a5'),
  ('cipro', '8edc2906-5990-57c4-bf60-9511ab089d43'),
  ('ciprofloxacina', '8edc2906-5990-57c4-bf60-9511ab089d43'),
  ('cisplatin', '12d1cb5b-8d13-5b3a-a36d-640b1acae506'),
  ('cisplatino', '12d1cb5b-8d13-5b3a-a36d-640b1acae506'),
  ('citrato de magnesio', '4385dc29-c6c7-5a79-b5ce-e716c4f83560'),
  ('claritin', '28cfe56d-090e-5dc5-b4a9-643d129f3444'),
  ('clavulin', '92bc03a9-9fa1-555d-92a3-ee182dd15b4c'),
  ('clenosan', '8591401a-2b6a-51b4-88da-8c403e4cddd3'),
  ('clindamicina', '8edc2906-5990-57c4-bf60-9511ab089d43'),
  ('clindomicina', '8edc2906-5990-57c4-bf60-9511ab089d43'),
  ('cliotiazepam', '9fd09d73-e2f5-5a2f-bfe4-ee6da26cb452'),
  ('clodoxin', '92bc03a9-9fa1-555d-92a3-ee182dd15b4c'),
  ('clonazepam', '9fd09d73-e2f5-5a2f-bfe4-ee6da26cb452'),
  ('clopidogrel', 'af50da38-7979-5564-bbc4-edcdde6304a5'),
  ('clorace', '8edc2906-5990-57c4-bf60-9511ab089d43'),
  ('clorfeniramina', '28cfe56d-090e-5dc5-b4a9-643d129f3444'),
  ('clorfeniramina maleato', '28cfe56d-090e-5dc5-b4a9-643d129f3444'),
  ('clorhexidina', 'e9d183ad-6484-559b-af12-2536e96571b9'),
  ('cloruro de sodio 0 9', '3415ee70-07f8-5739-91fa-59f911ebcbf2'),
  ('clotrimazol', '8b48bd1a-8922-5835-97d8-276e240fd38f'),
  ('colayte', '1b1d7ca4-ccd9-573b-ae5f-ed6459ab1698'),
  ('collarin', 'b4e03643-b194-50f9-bd75-1861307f6fbf'),
  ('collarin cervical', 'b4e03643-b194-50f9-bd75-1861307f6fbf'),
  ('complejo b', '0d6dc042-94ec-502a-bc2f-fb177d039508'),
  ('compresas de calor o frio', '1a4b5ce0-3fec-5f14-9542-2f71db762fb6'),
  ('coranprol', 'af50da38-7979-5564-bbc4-edcdde6304a5'),
  ('cortaid', 'bdfb9314-f298-554a-90a2-6a6d43e8f00c'),
  ('cozaar', '4a7266a8-4cae-5a5c-a388-4d81eaff8b3d'),
  ('crema humectante', 'bdfb9314-f298-554a-90a2-6a6d43e8f00c'),
  ('crema para hidratacion', 'bdfb9314-f298-554a-90a2-6a6d43e8f00c'),
  ('cubrebotas', '3f11db5f-059b-522a-b737-5096d69d30e1'),
  ('curitas', 'b134436f-868c-5b6b-a53b-312f8e590954'),
  ('dalacin', '8edc2906-5990-57c4-bf60-9511ab089d43'),
  ('decadron', '07e68ab0-9e31-5dc1-a56f-efb9c808d46a'),
  ('deflazacort', '07e68ab0-9e31-5dc1-a56f-efb9c808d46a'),
  ('dencorub', '1a4b5ce0-3fec-5f14-9542-2f71db762fb6'),
  ('desloratadina', '28cfe56d-090e-5dc5-b4a9-643d129f3444'),
  ('detrolax', '1b1d7ca4-ccd9-573b-ae5f-ed6459ab1698'),
  ('dexametasona', '07e68ab0-9e31-5dc1-a56f-efb9c808d46a'),
  ('dexquetoprofeno', '1a4b5ce0-3fec-5f14-9542-2f71db762fb6'),
  ('dextrometophan', '85c4414b-6947-5491-95bf-2b8debd409c2'),
  ('dextrometorfan', '85c4414b-6947-5491-95bf-2b8debd409c2'),
  ('dextrosa 5', '3415ee70-07f8-5739-91fa-59f911ebcbf2'),
  ('diazepam', '9fd09d73-e2f5-5a2f-bfe4-ee6da26cb452'),
  ('diclofenac', '1a4b5ce0-3fec-5f14-9542-2f71db762fb6'),
  ('diclofenac detilamico', '1a4b5ce0-3fec-5f14-9542-2f71db762fb6'),
  ('diclofenac dietilamonico', '1a4b5ce0-3fec-5f14-9542-2f71db762fb6'),
  ('diclofenac potasico', '1a4b5ce0-3fec-5f14-9542-2f71db762fb6'),
  ('diclofenac sodico', '1a4b5ce0-3fec-5f14-9542-2f71db762fb6'),
  ('diclofenac acido', '1a4b5ce0-3fec-5f14-9542-2f71db762fb6'),
  ('diclofenaco', '1a4b5ce0-3fec-5f14-9542-2f71db762fb6'),
  ('dicloret', '1a4b5ce0-3fec-5f14-9542-2f71db762fb6'),
  ('dicloxacilina', '92bc03a9-9fa1-555d-92a3-ee182dd15b4c'),
  ('dicloxacina', '92bc03a9-9fa1-555d-92a3-ee182dd15b4c'),
  ('difenhidramina', '28cfe56d-090e-5dc5-b4a9-643d129f3444'),
  ('digefast', '1b1d7ca4-ccd9-573b-ae5f-ed6459ab1698'),
  ('digicel', '57e48bec-9739-50fd-b23f-fd85317b518c'),
  ('dilantin', '7ec99b3c-f171-529f-a8f9-acb47636e63c'),
  ('dimenhidrinato', '28cfe56d-090e-5dc5-b4a9-643d129f3444'),
  ('dipirol', '10ca8945-27f0-56cb-9c40-1041d5b12b67'),
  ('dipirona', '10ca8945-27f0-56cb-9c40-1041d5b12b67'),
  ('dipirona sodica', '10ca8945-27f0-56cb-9c40-1041d5b12b67'),
  ('dofenar', '28cfe56d-090e-5dc5-b4a9-643d129f3444'),
  ('dol kids', '10ca8945-27f0-56cb-9c40-1041d5b12b67'),
  ('dolac', '10ca8945-27f0-56cb-9c40-1041d5b12b67'),
  ('dolkids', '10ca8945-27f0-56cb-9c40-1041d5b12b67'),
  ('doxiciclina', '8edc2906-5990-57c4-bf60-9511ab089d43'),
  ('doxicilina', '8edc2906-5990-57c4-bf60-9511ab089d43'),
  ('duovent', '85c4414b-6947-5491-95bf-2b8debd409c2'),
  ('electrolitos', '4385dc29-c6c7-5a79-b5ce-e716c4f83560'),
  ('emend', '12d1cb5b-8d13-5b3a-a36d-640b1acae506'),
  ('enalapril', '4a7266a8-4cae-5a5c-a388-4d81eaff8b3d'),
  ('enterogermina', '1b1d7ca4-ccd9-573b-ae5f-ed6459ab1698'),
  ('equipo de infusion', '94e0348e-7b09-5213-8c73-4efb9573b551'),
  ('equipo pericraneal', '94e0348e-7b09-5213-8c73-4efb9573b551'),
  ('escitalopram', '9fd09d73-e2f5-5a2f-bfe4-ee6da26cb452'),
  ('esfigmomanometro', '55eddac3-01b5-5084-ad41-83e6867d7940'),
  ('esomeprazol', '1b1d7ca4-ccd9-573b-ae5f-ed6459ab1698'),
  ('esparadrapo', 'b134436f-868c-5b6b-a53b-312f8e590954'),
  ('estetoscopio', '55eddac3-01b5-5084-ad41-83e6867d7940'),
  ('expectorante', '85c4414b-6947-5491-95bf-2b8debd409c2'),
  ('femmex', '10ca8945-27f0-56cb-9c40-1041d5b12b67'),
  ('femmex ultra', '10ca8945-27f0-56cb-9c40-1041d5b12b67'),
  ('fenitoina', '7ec99b3c-f171-529f-a8f9-acb47636e63c'),
  ('ferulas', 'b4e03643-b194-50f9-bd75-1861307f6fbf'),
  ('festal', '1b1d7ca4-ccd9-573b-ae5f-ed6459ab1698'),
  ('fiebre kids', '10ca8945-27f0-56cb-9c40-1041d5b12b67'),
  ('fisilin', '4385dc29-c6c7-5a79-b5ce-e716c4f83560'),
  ('fitomenadiona', '0d6dc042-94ec-502a-bc2f-fb177d039508'),
  ('flagyl', '8edc2906-5990-57c4-bf60-9511ab089d43'),
  ('flogocox', '1a4b5ce0-3fec-5f14-9542-2f71db762fb6'),
  ('fluconazol', '4ae90a8e-0f3e-56f1-a69a-c9ba7b774f00'),
  ('fumarato ferroso', '0d6dc042-94ec-502a-bc2f-fb177d039508'),
  ('furosemida', '4a7266a8-4cae-5a5c-a388-4d81eaff8b3d'),
  ('gabapentina', '7ec99b3c-f171-529f-a8f9-acb47636e63c'),
  ('garamicina', '4ae90a8e-0f3e-56f1-a69a-c9ba7b774f00'),
  ('gasas', 'b134436f-868c-5b6b-a53b-312f8e590954'),
  ('gasas esteriles', 'b134436f-868c-5b6b-a53b-312f8e590954'),
  ('gel antibacterial', 'e9d183ad-6484-559b-af12-2536e96571b9'),
  ('gentamicina', '4ae90a8e-0f3e-56f1-a69a-c9ba7b774f00'),
  ('gerdex', '1b1d7ca4-ccd9-573b-ae5f-ed6459ab1698'),
  ('glucofage', '646dab31-2522-59ac-8274-5e5954b1da29'),
  ('gluconato ferroso', '0d6dc042-94ec-502a-bc2f-fb177d039508'),
  ('glucophage', '646dab31-2522-59ac-8274-5e5954b1da29'),
  ('glucometro', '55eddac3-01b5-5084-ad41-83e6867d7940'),
  ('gorro de enfermera', '1fe71b6e-31e7-5d61-81db-f91da2bf58dd'),
  ('gorro quirurgico', '1fe71b6e-31e7-5d61-81db-f91da2bf58dd'),
  ('gotas nasales', '55eddac3-01b5-5084-ad41-83e6867d7940'),
  ('gotas oftalmicas', '55eddac3-01b5-5084-ad41-83e6867d7940'),
  ('gravol', '28cfe56d-090e-5dc5-b4a9-643d129f3444'),
  ('guantes de latex', '14878496-9771-59f0-85dc-468bde0e06c0'),
  ('guantes de nitrilo', 'ebb6581f-4cc3-59f5-978d-9be3aaebff79'),
  ('guantes de vinilo', '4b7de4a6-513b-5a55-8a62-233d05feed55'),
  ('guata', 'b134436f-868c-5b6b-a53b-312f8e590954'),
  ('hidroclorotiazida', '4a7266a8-4cae-5a5c-a388-4d81eaff8b3d'),
  ('hidrocortisol', '07e68ab0-9e31-5dc1-a56f-efb9c808d46a'),
  ('hidrocortisona crema', 'bdfb9314-f298-554a-90a2-6a6d43e8f00c'),
  ('hidrocortisona inyectable', '07e68ab0-9e31-5dc1-a56f-efb9c808d46a'),
  ('hidrocortizona', '07e68ab0-9e31-5dc1-a56f-efb9c808d46a'),
  ('hidrolit', '4385dc29-c6c7-5a79-b5ce-e716c4f83560'),
  ('hierro', '0d6dc042-94ec-502a-bc2f-fb177d039508'),
  ('hisopos', 'b134436f-868c-5b6b-a53b-312f8e590954'),
  ('hoja de bisturi', '0f82890d-ce48-5704-888a-a868ba3353f6'),
  ('humidificador', '85c2932e-b93b-59b3-8678-49a10d5edbd1'),
  ('humulin', '646dab31-2522-59ac-8274-5e5954b1da29'),
  ('hydralit', '4385dc29-c6c7-5a79-b5ce-e716c4f83560'),
  ('ibufen', '10ca8945-27f0-56cb-9c40-1041d5b12b67'),
  ('ibumax', '10ca8945-27f0-56cb-9c40-1041d5b12b67'),
  ('ibuprofeno', '10ca8945-27f0-56cb-9c40-1041d5b12b67'),
  ('imodium', '57e48bec-9739-50fd-b23f-fd85317b518c'),
  ('insulina', '646dab31-2522-59ac-8274-5e5954b1da29'),
  ('ipratropio', '85c4414b-6947-5491-95bf-2b8debd409c2'),
  ('isodine', '8591401a-2b6a-51b4-88da-8c403e4cddd3'),
  ('isopray', '8591401a-2b6a-51b4-88da-8c403e4cddd3'),
  ('ivermectina', '8b48bd1a-8922-5835-97d8-276e240fd38f'),
  ('jeringa desechable', '94e0348e-7b09-5213-8c73-4efb9573b551'),
  ('jeringas', '94e0348e-7b09-5213-8c73-4efb9573b551'),
  ('kaditur', '9fd09d73-e2f5-5a2f-bfe4-ee6da26cb452'),
  ('kelac', '10ca8945-27f0-56cb-9c40-1041d5b12b67'),
  ('ketoprofeno', '10ca8945-27f0-56cb-9c40-1041d5b12b67'),
  ('ketorolaco', '10ca8945-27f0-56cb-9c40-1041d5b12b67'),
  ('kit de nebulizacion', '85c2932e-b93b-59b3-8678-49a10d5edbd1'),
  ('lancetas', '55eddac3-01b5-5084-ad41-83e6867d7940'),
  ('lantus', '646dab31-2522-59ac-8274-5e5954b1da29'),
  ('lasix', '4a7266a8-4cae-5a5c-a388-4d81eaff8b3d'),
  ('letirizina', '28cfe56d-090e-5dc5-b4a9-643d129f3444'),
  ('leucomed', 'b134436f-868c-5b6b-a53b-312f8e590954'),
  ('leukomed', 'b134436f-868c-5b6b-a53b-312f8e590954'),
  ('levofloxacino', '8edc2906-5990-57c4-bf60-9511ab089d43'),
  ('lexapro', '9fd09d73-e2f5-5a2f-bfe4-ee6da26cb452'),
  ('linezolid', '4ae90a8e-0f3e-56f1-a69a-c9ba7b774f00'),
  ('lipitor', 'af50da38-7979-5564-bbc4-edcdde6304a5'),
  ('liprofloxalina', '8edc2906-5990-57c4-bf60-9511ab089d43'),
  ('lisalgil', '10ca8945-27f0-56cb-9c40-1041d5b12b67'),
  ('llave de 3 vias', '94e0348e-7b09-5213-8c73-4efb9573b551'),
  ('llave de 5 vias', '94e0348e-7b09-5213-8c73-4efb9573b551'),
  ('loperamida', '57e48bec-9739-50fd-b23f-fd85317b518c'),
  ('loratadina', '28cfe56d-090e-5dc5-b4a9-643d129f3444'),
  ('losartan', '4a7266a8-4cae-5a5c-a388-4d81eaff8b3d'),
  ('losec', '1b1d7ca4-ccd9-573b-ae5f-ed6459ab1698'),
  ('lyrica', '7ec99b3c-f171-529f-a8f9-acb47636e63c'),
  ('macrogotero', '94e0348e-7b09-5213-8c73-4efb9573b551'),
  ('madecasol', 'bdfb9314-f298-554a-90a2-6a6d43e8f00c'),
  ('mariposa', '94e0348e-7b09-5213-8c73-4efb9573b551'),
  ('mascarilla de oxigeno', '85c2932e-b93b-59b3-8678-49a10d5edbd1'),
  ('mascarilla n95', 'cd0e7fc0-15ce-5410-a199-6858c8227da7'),
  ('mascarilla quirurgica', '622e951b-00de-5483-bf83-690921cbf157'),
  ('mascarillas quirurgicas', '622e951b-00de-5483-bf83-690921cbf157'),
  ('medlo', '57e48bec-9739-50fd-b23f-fd85317b518c'),
  ('medrol', '07e68ab0-9e31-5dc1-a56f-efb9c808d46a'),
  ('megestrol', '0d6dc042-94ec-502a-bc2f-fb177d039508'),
  ('meloxicam', '10ca8945-27f0-56cb-9c40-1041d5b12b67'),
  ('mercurocromo', '8591401a-2b6a-51b4-88da-8c403e4cddd3'),
  ('meropenem', '4ae90a8e-0f3e-56f1-a69a-c9ba7b774f00'),
  ('merthiolate', '8591401a-2b6a-51b4-88da-8c403e4cddd3'),
  ('metamizol', '10ca8945-27f0-56cb-9c40-1041d5b12b67'),
  ('metamizol sodico', '10ca8945-27f0-56cb-9c40-1041d5b12b67'),
  ('metanizol', '10ca8945-27f0-56cb-9c40-1041d5b12b67'),
  ('metanizol sodico', '10ca8945-27f0-56cb-9c40-1041d5b12b67'),
  ('metformina', '646dab31-2522-59ac-8274-5e5954b1da29'),
  ('meticorten', '07e68ab0-9e31-5dc1-a56f-efb9c808d46a'),
  ('metilprednisolona', '07e68ab0-9e31-5dc1-a56f-efb9c808d46a'),
  ('metoclopramida', '57e48bec-9739-50fd-b23f-fd85317b518c'),
  ('metohelopramida', '57e48bec-9739-50fd-b23f-fd85317b518c'),
  ('metronidazol', '8edc2906-5990-57c4-bf60-9511ab089d43'),
  ('microgotero', '94e0348e-7b09-5213-8c73-4efb9573b551'),
  ('micropore', 'b134436f-868c-5b6b-a53b-312f8e590954'),
  ('miovit', '1b1d7ca4-ccd9-573b-ae5f-ed6459ab1698'),
  ('mobic', '10ca8945-27f0-56cb-9c40-1041d5b12b67'),
  ('mono quirurgico', 'f7a7ec37-e8eb-567f-bab1-930191c08129'),
  ('muletas', 'b4e03643-b194-50f9-bd75-1861307f6fbf'),
  ('multivitaminico', '0d6dc042-94ec-502a-bc2f-fb177d039508'),
  ('muscoril', '1a4b5ce0-3fec-5f14-9542-2f71db762fb6'),
  ('munequera', 'b4e03643-b194-50f9-bd75-1861307f6fbf'),
  ('mycostatin', '8b48bd1a-8922-5835-97d8-276e240fd38f'),
  ('mascara de oxigeno', '85c2932e-b93b-59b3-8678-49a10d5edbd1'),
  ('naftidrofurilo', 'af50da38-7979-5564-bbc4-edcdde6304a5'),
  ('naprosyn', '10ca8945-27f0-56cb-9c40-1041d5b12b67'),
  ('naproxeno', '10ca8945-27f0-56cb-9c40-1041d5b12b67'),
  ('nebulizador', '85c2932e-b93b-59b3-8678-49a10d5edbd1'),
  ('nefrotal', '4a7266a8-4cae-5a5c-a388-4d81eaff8b3d'),
  ('neurobion', '0d6dc042-94ec-502a-bc2f-fb177d039508'),
  ('neuromix', '7ec99b3c-f171-529f-a8f9-acb47636e63c'),
  ('neurontin', '7ec99b3c-f171-529f-a8f9-acb47636e63c'),
  ('nexium', '1b1d7ca4-ccd9-573b-ae5f-ed6459ab1698'),
  ('nifedipina', '4a7266a8-4cae-5a5c-a388-4d81eaff8b3d'),
  ('nimodipina', '7ec99b3c-f171-529f-a8f9-acb47636e63c'),
  ('nimotop', '7ec99b3c-f171-529f-a8f9-acb47636e63c'),
  ('nistatina', '8b48bd1a-8922-5835-97d8-276e240fd38f'),
  ('norvasc', '4a7266a8-4cae-5a5c-a388-4d81eaff8b3d'),
  ('notolac', '10ca8945-27f0-56cb-9c40-1041d5b12b67'),
  ('novalcina', '10ca8945-27f0-56cb-9c40-1041d5b12b67'),
  ('novalgina', '10ca8945-27f0-56cb-9c40-1041d5b12b67'),
  ('obturador', '94e0348e-7b09-5213-8c73-4efb9573b551'),
  ('olmesartan', '4a7266a8-4cae-5a5c-a388-4d81eaff8b3d'),
  ('omeprazol', '1b1d7ca4-ccd9-573b-ae5f-ed6459ab1698'),
  ('ondacetron', '57e48bec-9739-50fd-b23f-fd85317b518c'),
  ('ondansetron', '57e48bec-9739-50fd-b23f-fd85317b518c'),
  ('ondopra', '1b1d7ca4-ccd9-573b-ae5f-ed6459ab1698'),
  ('orudis', '10ca8945-27f0-56cb-9c40-1041d5b12b67'),
  ('oximetro', '55eddac3-01b5-5084-ad41-83e6867d7940'),
  ('panadol', '10ca8945-27f0-56cb-9c40-1041d5b12b67'),
  ('paracetamol', '10ca8945-27f0-56cb-9c40-1041d5b12b67'),
  ('parche hidrocoloide', 'b134436f-868c-5b6b-a53b-312f8e590954'),
  ('parche para el dolor', '1a4b5ce0-3fec-5f14-9542-2f71db762fb6'),
  ('parches para el dolor', '1a4b5ce0-3fec-5f14-9542-2f71db762fb6'),
  ('paroxetina', '9fd09d73-e2f5-5a2f-bfe4-ee6da26cb452'),
  ('paxil', '9fd09d73-e2f5-5a2f-bfe4-ee6da26cb452'),
  ('panal hospitalario', '31d8eb64-90b9-543b-bb7f-9aa4ebefb2a9'),
  ('pedialyte', '4385dc29-c6c7-5a79-b5ce-e716c4f83560'),
  ('pediasure', '4385dc29-c6c7-5a79-b5ce-e716c4f83560'),
  ('peroxido de hidrogeno', '8591401a-2b6a-51b4-88da-8c403e4cddd3'),
  ('phenytropa', '7ec99b3c-f171-529f-a8f9-acb47636e63c'),
  ('pinuex', '1b1d7ca4-ccd9-573b-ae5f-ed6459ab1698'),
  ('pinza umbilical', '0f82890d-ce48-5704-888a-a868ba3353f6'),
  ('piridoxina', '0d6dc042-94ec-502a-bc2f-fb177d039508'),
  ('pirodixina', '0d6dc042-94ec-502a-bc2f-fb177d039508'),
  ('plavix', 'af50da38-7979-5564-bbc4-edcdde6304a5'),
  ('pomada arnica', '1a4b5ce0-3fec-5f14-9542-2f71db762fb6'),
  ('prednisona', '07e68ab0-9e31-5dc1-a56f-efb9c808d46a'),
  ('pregabalina', '7ec99b3c-f171-529f-a8f9-acb47636e63c'),
  ('pregalabina', '7ec99b3c-f171-529f-a8f9-acb47636e63c'),
  ('probioticos', '1b1d7ca4-ccd9-573b-ae5f-ed6459ab1698'),
  ('prolardii', '1b1d7ca4-ccd9-573b-ae5f-ed6459ab1698'),
  ('propilox', '57e48bec-9739-50fd-b23f-fd85317b518c'),
  ('pulmicort', '85c4414b-6947-5491-95bf-2b8debd409c2'),
  ('ranitidina', '1b1d7ca4-ccd9-573b-ae5f-ed6459ab1698'),
  ('recolector de muestras', '0f82890d-ce48-5704-888a-a868ba3353f6'),
  ('regulador de flujo', '94e0348e-7b09-5213-8c73-4efb9573b551'),
  ('renitec', '4a7266a8-4cae-5a5c-a388-4d81eaff8b3d'),
  ('ringer lactato', '3415ee70-07f8-5739-91fa-59f911ebcbf2'),
  ('rivotril', '9fd09d73-e2f5-5a2f-bfe4-ee6da26cb452'),
  ('rocefin', '4ae90a8e-0f3e-56f1-a69a-c9ba7b774f00'),
  ('sal de rehidratacion', '4385dc29-c6c7-5a79-b5ce-e716c4f83560'),
  ('salbumed', '85c4414b-6947-5491-95bf-2b8debd409c2'),
  ('salbutamol', '85c4414b-6947-5491-95bf-2b8debd409c2'),
  ('sales de rehidratacion', '4385dc29-c6c7-5a79-b5ce-e716c4f83560'),
  ('samsusolina', 'af50da38-7979-5564-bbc4-edcdde6304a5'),
  ('scalp', '94e0348e-7b09-5213-8c73-4efb9573b551'),
  ('semiticona', '1b1d7ca4-ccd9-573b-ae5f-ed6459ab1698'),
  ('sertralina', '9fd09d73-e2f5-5a2f-bfe4-ee6da26cb452'),
  ('set de transfusion', '94e0348e-7b09-5213-8c73-4efb9573b551'),
  ('simetricona', '1b1d7ca4-ccd9-573b-ae5f-ed6459ab1698'),
  ('sobre de electrolitos', '4385dc29-c6c7-5a79-b5ce-e716c4f83560'),
  ('socodopa', '9fd09d73-e2f5-5a2f-bfe4-ee6da26cb452'),
  ('solucion fisiologica', '3415ee70-07f8-5739-91fa-59f911ebcbf2'),
  ('solucion germicida', 'e9d183ad-6484-559b-af12-2536e96571b9'),
  ('solucion ringer', '3415ee70-07f8-5739-91fa-59f911ebcbf2'),
  ('solucion yodada', '8591401a-2b6a-51b4-88da-8c403e4cddd3'),
  ('somnipax', '9fd09d73-e2f5-5a2f-bfe4-ee6da26cb452'),
  ('sonda uretral', '0f82890d-ce48-5704-888a-a868ba3353f6'),
  ('sonda vesical', '0f82890d-ce48-5704-888a-a868ba3353f6'),
  ('ssn', '3415ee70-07f8-5739-91fa-59f911ebcbf2'),
  ('sucradel', '1b1d7ca4-ccd9-573b-ae5f-ed6459ab1698'),
  ('sucralfato', '1b1d7ca4-ccd9-573b-ae5f-ed6459ab1698'),
  ('suero fisiologico', '3415ee70-07f8-5739-91fa-59f911ebcbf2'),
  ('suero oral', '4385dc29-c6c7-5a79-b5ce-e716c4f83560'),
  ('suero oral rehidratacion', '4385dc29-c6c7-5a79-b5ce-e716c4f83560'),
  ('sulfadiazina de plata', '8b48bd1a-8922-5835-97d8-276e240fd38f'),
  ('sulfametoxazol', 'af50da38-7979-5564-bbc4-edcdde6304a5'),
  ('sulfato de magnesio', '4385dc29-c6c7-5a79-b5ce-e716c4f83560'),
  ('sulfato ferroso', '0d6dc042-94ec-502a-bc2f-fb177d039508'),
  ('suprax', '92bc03a9-9fa1-555d-92a3-ee182dd15b4c'),
  ('sutura', '0f82890d-ce48-5704-888a-a868ba3353f6'),
  ('sutura quirurgica', '0f82890d-ce48-5704-888a-a868ba3353f6'),
  ('tachipirina', '10ca8945-27f0-56cb-9c40-1041d5b12b67'),
  ('tachipirin', '10ca8945-27f0-56cb-9c40-1041d5b12b67'),
  ('tapaboca', 'f7eb7cdc-9031-554b-8cbd-fa8ca5f6fb61'),
  ('tapabocas', 'f7eb7cdc-9031-554b-8cbd-fa8ca5f6fb61'),
  ('tapabocas de tela', 'f7eb7cdc-9031-554b-8cbd-fa8ca5f6fb61'),
  ('tapaheparina', '94e0348e-7b09-5213-8c73-4efb9573b551'),
  ('tapsin', '10ca8945-27f0-56cb-9c40-1041d5b12b67'),
  ('tavanic', '8edc2906-5990-57c4-bf60-9511ab089d43'),
  ('tempra', '10ca8945-27f0-56cb-9c40-1041d5b12b67'),
  ('tenormin', 'af50da38-7979-5564-bbc4-edcdde6304a5'),
  ('tensiometro', '55eddac3-01b5-5084-ad41-83e6867d7940'),
  ('tensoplas', 'b134436f-868c-5b6b-a53b-312f8e590954'),
  ('teragrip', 'b134436f-868c-5b6b-a53b-312f8e590954'),
  ('termometro', '55eddac3-01b5-5084-ad41-83e6867d7940'),
  ('thrombo ass', '10ca8945-27f0-56cb-9c40-1041d5b12b67'),
  ('tiamina', '0d6dc042-94ec-502a-bc2f-fb177d039508'),
  ('tilodrin', '85c4414b-6947-5491-95bf-2b8debd409c2'),
  ('tiocolchicocido', '1a4b5ce0-3fec-5f14-9542-2f71db762fb6'),
  ('tiocolchicosido', '1a4b5ce0-3fec-5f14-9542-2f71db762fb6'),
  ('tiras reactivas', '55eddac3-01b5-5084-ad41-83e6867d7940'),
  ('todex', '85c4414b-6947-5491-95bf-2b8debd409c2'),
  ('torivas', '10ca8945-27f0-56cb-9c40-1041d5b12b67'),
  ('torsilax', '7ec99b3c-f171-529f-a8f9-acb47636e63c'),
  ('traje quirurgico', 'f7a7ec37-e8eb-567f-bab1-930191c08129'),
  ('triaxono', '4ae90a8e-0f3e-56f1-a69a-c9ba7b774f00'),
  ('tryptanol', '9fd09d73-e2f5-5a2f-bfe4-ee6da26cb452'),
  ('tubo endotraqueal', '85c2932e-b93b-59b3-8678-49a10d5edbd1'),
  ('tubos de ensayo', '55eddac3-01b5-5084-ad41-83e6867d7940'),
  ('valium', '9fd09d73-e2f5-5a2f-bfe4-ee6da26cb452'),
  ('vancomicina', '4ae90a8e-0f3e-56f1-a69a-c9ba7b774f00'),
  ('vaselina', 'bdfb9314-f298-554a-90a2-6a6d43e8f00c'),
  ('vasenilla', 'bdfb9314-f298-554a-90a2-6a6d43e8f00c'),
  ('velamox', '92bc03a9-9fa1-555d-92a3-ee182dd15b4c'),
  ('vendas de yeso', 'b134436f-868c-5b6b-a53b-312f8e590954'),
  ('vendas elasticas', 'b134436f-868c-5b6b-a53b-312f8e590954'),
  ('venoclisis', '94e0348e-7b09-5213-8c73-4efb9573b551'),
  ('ventolin', '85c4414b-6947-5491-95bf-2b8debd409c2'),
  ('vitamina c', '0d6dc042-94ec-502a-bc2f-fb177d039508'),
  ('vitamina d3', '0d6dc042-94ec-502a-bc2f-fb177d039508'),
  ('vitamina k', '0d6dc042-94ec-502a-bc2f-fb177d039508'),
  ('vitaminas', '0d6dc042-94ec-502a-bc2f-fb177d039508'),
  ('vitaozono', '1b1d7ca4-ccd9-573b-ae5f-ed6459ab1698'),
  ('voltaren', '1a4b5ce0-3fec-5f14-9542-2f71db762fb6'),
  ('xanax', '9fd09d73-e2f5-5a2f-bfe4-ee6da26cb452'),
  ('yeso', 'b134436f-868c-5b6b-a53b-312f8e590954'),
  ('yeso de poliester', 'b134436f-868c-5b6b-a53b-312f8e590954'),
  ('yodo povidona', '8591401a-2b6a-51b4-88da-8c403e4cddd3'),
  ('zantac', '1b1d7ca4-ccd9-573b-ae5f-ed6459ab1698'),
  ('zerodine', '8edc2906-5990-57c4-bf60-9511ab089d43'),
  ('zidwime', '4ae90a8e-0f3e-56f1-a69a-c9ba7b774f00'),
  ('zinc', '0d6dc042-94ec-502a-bc2f-fb177d039508'),
  ('zitromax', '8edc2906-5990-57c4-bf60-9511ab089d43'),
  ('zofran', '57e48bec-9739-50fd-b23f-fd85317b518c'),
  ('zoloft', '9fd09d73-e2f5-5a2f-bfe4-ee6da26cb452'),
  ('zolpidem', '9fd09d73-e2f5-5a2f-bfe4-ee6da26cb452'),
  ('zyrtec', '28cfe56d-090e-5dc5-b4a9-643d129f3444'),
  ('acido ascorbico', '0d6dc042-94ec-502a-bc2f-fb177d039508'),
  ('acido hipocloroso', '8591401a-2b6a-51b4-88da-8c403e4cddd3'),
  ('acido tranexamico', 'af50da38-7979-5564-bbc4-edcdde6304a5'),
  ('arnica', '1a4b5ce0-3fec-5f14-9542-2f71db762fb6')
ON CONFLICT (alias_norm) DO UPDATE SET supply_id = EXCLUDED.supply_id;
--> statement-breakpoint

CREATE INDEX IF NOT EXISTS "category_aliases_category_slug_idx" ON "category_aliases" ("category_slug");
